Weather_Normalized_Site_EUI_KBTU_Ft,Weather_Normalized_Source_EUI_KBTU_Ft,Total_GHG_Emissions_Metric_Tons_CO2e
2.3,5.4,21.2
3.6,8.1,72.8
4.4,13.9,24.8
10.8,15.8,45.8
14.6,15.4,62.1
11.3,18.3,26.5
9.2,24,49.3
12.7,28,102.3
12.8,27.9,73
12.2,31.3,164.8
10,31.4,189.2
10.6,33.1,119.4
11.3,35.4,127.5
18.8,37.3,97
13.2,41.4,477.2
18.2,41.1,104.3
32.3,43.2,100.6
17.7,42.5,139.3
27.3,44.5,200.5
25.5,46.2,255.3
18.8,43.1,128.4
23.1,46.3,261
17.3,46.1,712.8
14.8,46.4,780
28.7,50.4,465.3
18.9,51.8,145.6
22.2,53.5,195.5
40.6,53.9,122.3
20.2,53.3,484
38.3,53.8,480.4
39.3,57.1,561
18.4,57.6,213.1
44.1,60.4,215.7
17.8,55.8,145.4
37.7,58.6,304.8
44.9,60.6,128.4
18.2,55.6,108.5
34.2,56.8,639.5
24.3,59.3,161.7
24.6,58.4,120.1
21.3,55.9,183.1
27.5,61.1,542
35,60.2,187.1
48.3,65.6,157.6
34.4,64.9,138.5
28.4,63.3,146.2
20.9,62.9,127.8
34.6,62.2,169.1
21.8,68.4,120.4
22.5,63.8,664.9
43.6,68,141.3
38.7,65,1146.6
42.7,68.4,141.1
24.7,65.8,548.9
33.7,65.5,361.7
44,68.8,173
51.1,71.2,352.5
37.2,71.1,239.6
21.6,67.2,803.3
37.5,68.1,179.3
48.5,71.6,161.2
22.3,69.9,272.7
55.5,75.9,172.3
42.8,73.9,234.3
28.5,74.9,1079.6
51.6,78.4,388.6
23.8,74.6,105.4
30.9,75.7,276.3
36.2,76.1,265.9
23.3,73.1,139.7
24.1,75.6,833.5
34.6,80.1,496.4
25,78.5,208.1
40.4,79.9,196.7
47.7,81.2,1133.9
50.4,82.5,282.4
57.7,84.4,345.7
57.2,85.2,286.3
26,81.6,265.5
33.8,80,1173.2
59.2,84.5,208.4
32,83.3,389.7
40.3,80.1,1386.7
25.9,77.1,149.3
72,81.5,283.8
45.1,82.2,1209.1
29.8,81.2,485.3
42.9,83.6,174.2
57.4,89.2,1014.6
33.7,83.5,407.1
57.5,87.8,519.4
39.8,84.2,189.5
35.5,84.2,1171.3
26.8,83.9,276.3
56.9,89.2,268.5
51.9,89.3,977.9
62.9,90.1,287.4
27.1,84.4,1199.2
37,85.1,898
67.3,91.5,291.1
50.4,87.1,700.4
44.5,86,230.8
46.7,87.3,1320.1
49.1,88.1,260.9
44.1,89.6,543.1
70.3,93.8,200.1
57.6,92.9,265.3
61.8,92,3754.4
51.7,90.9,603.3
36.5,98,230.9
67.3,93.9,436.1
54.1,91.8,947.5
43.5,91.3,503.4
61.8,93.5,241.3
47,88.2,749.7
47.8,92.1,462.2
42.3,91,340.5
28.7,90.1,1223.6
64,95.8,306.2
27.5,86.5,578.2
27.6,86.6,581.2
41.6,93.9,680.3
61.1,95.9,333.5
63.5,94.7,275.3
53.9,94.2,293.3
57.5,96.1,382.1
52.5,90.6,528.6
44.9,90.4,864.8
48.5,94.4,1160.4
51.9,94.7,319.2
37.6,92.8,351.1
29.6,93,292.2
38.6,95.4,928.9
61,98.2,249.6
39.2,96.1,242
33.7,93.7,245.3
33.4,94.4,460.8
36.1,95.5,950.6
50.6,97.9,678.6
63.3,97.4,427.8
63.6,98.7,458.1
70.4,99.5,301.6
48.7,95.7,207.4
69.5,100.9,269.3
39.9,97.3,293.5
32.4,96,1159.6
36.7,96.7,473.3
34.7,97.4,819.5
61.5,99.4,297
33.8,97,276.8
67.3,101.2,243.8
63.3,99.6,225
67.5,102.1,843
71.1,102.3,281.1
30.9,97,897.5
41.1,93.8,326.3
41.9,98,283.7
29.7,93.4,324.8
31.2,97.9,267
46.3,100.2,1497.9
31.3,98.2,972.7
73.2,105.8,750.9
33.9,101.4,761.1
65.9,103.3,230.2
31.5,98.8,197.8
59.3,100.9,1197.2
37.9,99.6,1322.2
66.6,103,386.4
57.6,100.3,335.2
54.1,100.8,834.2
70.4,104.7,317.1
43,103.9,838.4
56.8,102.1,105.7
31.8,100,962.7
52,101,628.8
47.6,104.6,197.2
58.1,104.1,1073
64.6,105.1,499.9
44.8,99,1674.6
65.8,104.9,819.2
64,101.2,748.6
44.6,103.6,345.4
67,106.1,508.9
58.5,106,313.6
53.6,104.6,461
71,107.8,276
57.7,103.7,287.8
32.7,102.6,808.2
69.5,105.7,429.3
57.3,105,2938.1
69.4,107.7,260.8
77.9,110.2,370.4
62.5,107.4,355.7
36,103.8,1252.8
71.3,110,2009.6
41.9,104.8,886.8
41.1,108.2,310.6
45.8,111.5,286.1
63.5,103.8,300.4
44.4,105.4,1465.8
64.3,107.5,437.2
55.3,106.1,1164.7
54.2,106.3,242.5
77.8,112.4,417.3
66.5,110.6,122.6
43.5,107,821.2
33.6,105.5,1581.3
65.5,108.8,277.4
34.9,105.9,250.4
34.9,109.7,290.6
66.6,110.7,697.3
47.5,108.9,223.2
43.9,110.6,591.7
65.1,112.5,1075.2
66.9,111.8,302.2
62.4,110.8,556.7
59.9,110.5,423.1
56.9,109.4,295.3
54.3,110.4,379
34.8,109.4,1828.5
46.7,108.1,1129.3
43.2,109.5,1644.5
48.2,111.9,277.9
35.5,109.8,2185.9
47.9,109.4,336.6
65.1,113,432.2
35.2,110.4,508.5
43.2,112.7,399.1
67.2,113.8,295
80.3,117.5,300
35.5,111.6,1083.6
48.7,112.9,265.3
65.6,112.4,475.4
36.5,111.2,1053.8
38.6,112,357.6
62.8,113.7,1336.4
53.6,109,1787.4
41.5,112.6,1495.2
57.9,116.4,764.2
64.1,116.9,304.1
35.9,112.6,210.3
38.3,113.3,867.8
74.2,117.1,648
71.8,117.7,237.6
72.6,119.6,473.6
65.2,114.2,4053.5
38.8,113.3,380.2
36.2,113.7,451.3
36.3,113.8,236.7
37.8,114.1,1299.3
34.9,109.4,316.6
62,117.9,857.4
56.7,114.3,319.5
58,116.1,1006.8
50.6,114.4,1696.8
45.8,115.5,617.9
45.9,116.7,678.1
51.5,113.7,416.6
46.5,115.6,374.3
36.7,115.3,1038.8
73.5,119.8,455.8
78,122.6,416.8
73,119.6,634.5
74.8,118.8,272
81.1,115,972.3
36.1,113.2,301.1
37.4,117.4,490.6
66.2,118.3,668.6
84.8,123.2,363.5
71.8,121.6,2287.9
76.1,123,2280.5
46.3,118.1,751.6
42.6,118.7,344.9
76.8,122.1,363.9
78,119.5,553.2
54.5,121.1,671.8
69.5,120.6,2595.6
88.8,127.4,655
74.8,125.5,605.1
37.8,118.8,1078.6
65.5,120.7,936
88.3,125.7,287.4
37.9,119,1588.9
43.2,117.4,344
76.6,123.3,566.1
43.5,119.7,909.7
53.9,123.3,668.5
66.9,122.2,860.1
75.3,122.7,638.6
83.6,128.2,272.6
53,120.4,1005.3
42.8,120.1,457.2
76.9,123.3,467.1
53.6,122.2,1038.3
49.6,121.7,1138.7
45,121,1188
49.9,121.5,1260.5
67.7,124.8,2433.1
49.5,122.2,1017.9
38.7,121.5,991.8
43.9,121.9,484.3
44.4,122.2,411.3
85.9,126.9,296.1
79.5,126.1,403.9
67.7,127.2,1132.6
45.2,122.3,1255.8
43.7,122.4,1659.7
56.3,125.7,314
84.6,128.2,369.4
70.7,125.7,873.4
39.2,123.2,1638.5
67,126.1,380.8
67.2,126,874.5
69.8,124.5,358.5
71.1,125.6,323.2
68.3,126.2,1753.2
81.2,126.2,568
48.9,124.8,679.8
76.1,126.4,336.9
71.3,126.7,608.5
39.5,124,1517.1
40.2,126,939.4
77.6,127.1,374.6
42.8,124,1809.7
46.5,118.5,2172.4
75.1,127.5,313.2
39.6,124.5,1344.8
91.8,133.5,301.1
42.3,125.1,1583.3
78.6,132,2845.7
38.3,120.2,370.2
62.7,126.3,1169.3
75.5,128.8,340.8
74.1,129.1,1486.8
94.3,131.8,339.8
66.9,124.6,307
68.4,125.6,567.6
42.8,121.8,203.9
95.2,134.6,505.5
86,132,335.7
51,127,1687.1
40.3,126.4,914.1
74.1,128.7,839.4
59.4,130.8,1293.5
92.6,134,398.3
76.7,131.8,311.1
62.7,125.9,685.3
51.6,127.7,262
41.3,129.5,1043.2
39.4,123.7,848.1
82.7,131.6,498.8
41,128.6,1538.9
74.4,131.6,2871.2
105,136.7,1055.9
84.3,135.1,2194.8
55.9,129.7,1704.9
41.6,130.7,2110.8
101,136.3,320.8
41.9,131.6,2477.6
61.5,132.2,1721
76.2,134.5,1369.4
74.6,134.3,1843.9
76.2,134.3,299.5
46.6,132.5,1210.9
44.8,131.5,611.2
41.9,131.6,1222.1
45.6,134.2,2407
54.2,131.9,589.2
59.6,129.7,1188.4
43.4,132.5,1251.2
42.2,132.4,1953.9
93,142.4,403.5
42.2,132.6,1019.2
52.8,131.3,1365.1
79.1,135.7,4035
41.5,130.3,350
77.7,135.8,442.8
44.5,132.6,1676
44.2,135,1524.3
71.5,138.5,453.8
42.5,133.5,377.2
67.4,136.6,201
42.8,134.3,597.6
82.8,137.5,477.3
80.4,139.5,1095.3
56.6,136.4,482.4
42.9,134.8,661.1
112.9,142.3,965.7
84.3,142.6,340.8
80.6,139,279.5
43.5,135.8,1509
44.7,140.2,927.4
69,141.7,365.6
43.5,135.5,1171.9
43.6,136.7,777.5
50.7,138.4,655.9
44.5,139.7,302.7
60.6,140.7,516.6
95.9,144.2,343
50.2,137.3,1156.3
43.8,137.4,744.7
43.8,137.6,813.6
84.8,143.5,1723.9
43,135.1,1724.1
71,138.9,396.8
58,138.5,547.5
43.9,138,390
44,138.1,1008
58,138.3,1183.2
80.8,142.7,1862.4
44.1,138.5,1695.5
63.1,141.7,565.8
45.6,141,997.3
60.6,140.5,1742.6
44.3,139.1,1687.9
78.1,141.7,5545.8
60,138.1,1230.3
63.6,141.5,342.7
60,141.5,928.5
44.3,139.2,653.9
82.2,139.9,477.1
69.2,138,306.7
45.1,141.7,613.6
45.4,142.7,421.3
109.6,149.2,516.9
45.7,143.5,1021.4
56.7,142.2,1419.8
54.3,143.3,577.5
103.9,150,1006
64.9,137.5,478.4
46.6,140.6,1483.3
46.4,145.8,2143.9
76.2,150.7,1166
53.7,139,736.2
66.7,146.8,575.2
47,142.6,1715
56.6,142.3,579.1
65.5,143.9,387.1
91.4,148,718.6
46.4,145.6,1238.1
68.1,145,1550.4
58.6,143.8,416.9
68.6,143.5,3970.9
45.7,143.4,633.2
88.5,144.2,398.9
45.8,143.7,1809.3
85.4,140.1,844.2
84.1,147.2,609.5
90.4,150.4,1434.6
45.9,144,1825
95,149.1,962
70,148.2,724.2
66,147.4,374.7
59.1,145.2,839.5
47.2,145.4,2074
88.4,147.3,384.7
71.2,150.8,653.5
76.8,152.5,656.3
55,148.7,584.7
49.3,154.7,3126.8
46.8,147.1,434.5
62.7,149.6,2237.6
79.7,151,472.1
58.4,148.2,657.6
89.3,151.2,611.5
77.3,151.8,1354.9
67.5,148.6,356.2
49.3,147.3,470.8
56.2,148.2,394.2
50.1,149.8,430
70.7,151.6,349.6
47.5,149,453.9
47.5,149.1,1109.6
47.5,149.1,2334.3
58.4,152.7,1931.9
55.7,152.9,404.6
91.3,157.2,535.5
50.6,149.2,775.2
48.7,149.4,1127.6
71.8,151.8,705.5
89.3,155.4,1864.8
54.2,150.4,665.8
48.1,151.1,1100.9
56.4,149.1,1135.4
75.9,154,325.3
96.2,157.8,1404.3
47.9,150.5,1945.8
48,150.6,2078.4
93.1,151.6,2634.3
68.3,148.3,323.1
71.8,155.4,3328.5
48,150.8,285.1
50.4,155.7,1534.3
48.9,153.5,1346.3
48.1,151.1,1327.9
48.8,152.7,3108.5
49.2,154.4,1151.8
48.2,151.4,308.6
54.9,153.6,1910.5
59.8,156.2,4119.7
48.5,152.3,2185.5
57.4,151.9,847.5
77,151.4,875.6
64.8,154.4,1111.3
48.7,152.8,1030.9
117.6,162.2,449.2
48.7,152.9,1055
61.9,151.4,1275.1
48.7,153.1,1472.2
58.1,154.1,421.3
48.9,153.4,2538.8
48.9,153.7,939.7
58.1,153.2,1138.1
122.8,167.5,816.8
49.1,154.1,1525.1
133.6,167.6,171.1
53.7,154.9,826.4
94.8,157.5,1077.3
65.7,157.1,576.6
50.2,157.6,974.1
58.6,155.4,696
103.6,163.8,386.9
100.9,163.2,2278.1
51.1,160.4,732.3
102.7,163.6,545.3
87.4,159.2,1145.1
49.6,155.7,595.3
91.3,159.3,729.2
65.8,157.5,784
49.7,155.9,491.5
50.3,157.9,2282.8
89.7,155.2,326.5
51.5,161.7,421.1
96.3,163.3,987.8
50.1,157.3,498
70,157.5,950.6
58.9,156.5,912.4
66,156.7,588.1
88.6,162.7,303.7
63.5,155.6,888.6
50.8,159.7,3321.7
50.4,158.2,4302.3
57.3,163.9,423.1
50.5,158.4,1299.1
59.5,157.9,914.4
105.2,166.6,390.6
62.8,160.4,842.1
64.8,160.2,1849.7
65.8,158.9,1122.3
51.5,161.7,1010.2
109.4,167.1,914.3
51.6,162,542.5
52.5,159.7,785.2
73.4,162.8,710.2
90.7,161.8,610.5
65.8,161.4,1306
74,162.6,687.2
51.2,160.7,1827.5
67.2,161.6,484.3
51.3,161,1557.9
51.8,162.7,3548.6
87.4,163.7,405.9
75.7,162.9,611
66.1,163.5,1525.2
85.5,166,2015.8
56,161,600.8
57.1,161.8,2077.1
51.6,161.9,2969.4
74.1,162.5,3738.9
50.5,158.5,1350.8
65,165.4,669.3
51.8,162.5,1635.3
55.3,163.3,1860.8
51.9,163,1378.7
53,166.5,1468.7
52.1,163.5,864.6
52.1,163.5,2514.5
52.6,165.2,1086.6
103.3,172.5,354.4
52.1,163.7,895
70.2,165.3,1121.7
67.3,165.2,2759.3
53.8,168.8,2321.3
97.4,169.2,2567.3
70.5,162.2,432.9
54,169.6,636.5
67.7,166.1,317.1
95.1,170.9,704.9
105.3,173.2,1899.7
52.6,165.3,1717.9
53.4,167.8,1697.8
90.2,165.1,1278.2
71.7,166.2,453.8
54.5,164.6,296.1
72.3,163.4,367.9
52.8,165.9,1839
60.7,166.1,9539.4
52.9,166,362.8
52.9,166.2,693
55.6,174.7,104.3
53.2,166.4,705.3
62.4,171.4,2085.1
75.3,173.1,846.1
63.6,165.9,515.2
63.2,168.4,1407.8
76.2,169.7,451.7
94.4,171.8,1392
104.8,175.2,582.1
101.2,172.5,784.4
84.7,166.9,803.4
61,170.7,2295.6
55.7,172.5,1743.5
58.7,166.1,1558.1
54.7,171.7,640.4
53.7,168,953.2
75.2,172,2031.5
53.8,169,2491.8
62,168.5,2015.6
55.3,173.7,1042.6
87.4,169.7,688.5
67.3,170.4,1340
67.4,167.3,428.9
54,169.7,1553.6
67.6,170.7,4514.5
54.3,170.4,1509
55.2,173.2,2565.1
97.3,173.2,541.1
76.9,177.6,2604.3
55,172.8,1654.7
54.4,170.9,2536.5
56,175.7,1253.4
59.7,171.6,2110.2
74,174.6,436
55.4,174,1425.1
73.9,169.6,564.4
61.4,171.8,880.6
56.6,177.9,873.6
54.2,170.2,1942.6
67.9,170.9,698.6
54.9,172.3,2385.4
52.7,165.4,432.5
110.8,180.3,1283.7
63.8,173.7,1490.4
55.7,175,1388.5
55.9,175.6,8230.5
55.3,173.7,805.7
55.4,173.8,1955.7
68.8,172.4,831.1
56.1,174,2691.6
65.5,177.4,1022
55.5,174.4,1055
55.6,174.5,3351.5
56.4,176.4,1124.5
73.5,173.8,1108.1
84.7,180.3,505.4
74.8,176.7,540.6
57.9,181.8,618.8
89.3,180.9,556.3
56,176,2352.5
57.5,180.5,2575.5
110.5,181.8,1032.3
83,175,683.2
62.8,175.9,3296
56.6,176,2675.1
56.2,176.4,1225.5
123.4,182.7,976
56.2,176.5,841
73.1,179.1,2785.3
56.3,176.9,1937.9
56.4,177,3328
56,176,1553.8
56.5,177.3,1294.1
63.4,177.4,604.4
57.7,181.2,1540.6
56.6,177.8,1304.3
56.6,177.9,343.7
57.6,178.6,772.4
58.1,182.4,2514.3
65.4,179.6,1268.1
56.9,178.7,3915.8
73.4,179.8,4653.7
64.8,178.3,10282.4
109.4,189.3,1447.4
59.6,180.5,4210.6
79.7,181.8,800.7
58.1,182.4,1550.6
65.5,179.3,1189
76.5,180.5,1529.4
58.7,184.2,871
57.5,180.7,1475.6
63.4,181.4,2906.6
57.6,181,1561.3
59.4,186.6,832
57.9,181.8,1243.2
60,182.6,712.1
58.1,182.3,1117.8
59.5,182.4,3352.2
76,181.1,1461.5
116.2,189.4,388.2
58.2,182.7,3767.9
82.3,186.4,1313.8
59.1,185.5,1265.3
89.1,185.4,2146
58.9,183.4,2093.4
58.4,183.5,745.9
103.2,185.3,1947.6
59.5,187,331.3
76,187.5,1595
79.1,186.5,616.7
58.8,184.8,438.3
59.7,187.5,783.7
60.7,190.7,1179.5
60.4,185.3,1305.8
61.8,183.1,741.3
77,187,493.9
80.6,189.5,853.9
60.2,188.9,1562.3
59.5,186.8,1326.6
115.5,193.9,176.3
59.2,185.9,3980.1
79.2,191.8,591.5
87.1,189.5,864.4
91.7,187.5,1618.5
88.7,188.6,4561.4
59.5,186.7,1806.2
81.3,190.5,857.9
60.5,189.9,811.7
77.9,188.5,1540.5
67.7,186.7,2022.4
59.6,187.2,1118
61.2,187.5,1335.1
59.6,187.2,1805.9
70.9,190,724.9
80.9,192.5,539.9
101.4,192,528.1
60.2,189,1235.1
113,193,465.9
60.4,189.5,1596.6
60.4,189.6,2302.5
60.4,189.7,1029.2
62.8,194,3765.6
77.5,191.7,688.1
68.9,191.8,1286.1
89.3,193.3,304
116.9,196.8,1555.9
70.3,196.4,1472.8
140.7,198,828.4
89.9,193.7,462.9
66.3,198.9,1887.8
82.1,193.8,470.7
61.4,192.6,1831.3
62.6,196.4,689.5
61.5,193,609.5
139.3,206,1645.3
67.7,192.7,1844.2
84.6,195.8,896.6
108.9,193.3,1287.3
62.8,193.4,4627.1
75.2,191.6,972.6
63.1,198.2,1854.5
62.9,197.5,922.1
61.8,194.1,4051.3
61.9,194.3,2188.4
62.2,195.4,1121.1
62,194.6,3006
62.7,196.8,1352.4
74.4,233.7,1180.7
105.5,198.9,792.4
62.3,195.5,1786.9
59.9,188,385.8
62.4,195.8,1710.3
91.7,196.8,647.1
88,192.5,469.6
77.6,197.2,5435.2
65.3,196.5,1920.3
91.2,196,829
73.2,196.7,426.3
62.8,197.2,1182.4
82.2,199.1,2127
98.5,195.8,405.4
132.4,206.2,2336
63,197.9,1442.2
64.2,201.5,731.7
64.5,202.6,2146.4
85.3,201.1,422.8
80.2,200.1,1346.6
90,198.7,787.7
63.6,199.6,579.4
76,200.6,452.4
63.9,200.7,2599.3
78.3,199,974.5
93.8,207.8,554.6
112.8,205.2,2060.2
65.1,201.7,4598.5
64.3,201.8,6328.7
84.1,200.1,2156.2
99.4,200.9,7936.4
64.5,202.5,5641.5
137.1,215.5,1584.5
66.2,203.4,1268.9
85.4,203.5,451.4
65,204,2491.4
67.4,204.9,2502
66,204.7,1402.8
66.4,208.4,3735.3
71.8,206.6,626.6
95.6,205.9,570.7
74.9,206.6,3814.4
80.5,210.5,567.2
67.1,210.8,338.6
65.9,206.8,2147.6
78.6,207.4,52.7
67.7,212.6,1906.4
74.2,207.6,469.3
89,209.6,501.4
67.7,212.5,505.6
67.3,208.8,4004.4
68.8,216,1533.1
80.9,210.1,786.3
90.1,213.8,513.5
67.7,212.7,2104.3
96.5,212.4,7729.1
67.1,210.6,1189.3
67.1,210.7,1378.4
67.3,211.5,2228.9
95.1,214.8,1789
69,212,2944.5
120.4,214.3,659.9
67.8,212.9,3965.7
67.8,212.9,700.8
68,213.5,2877.1
68.6,215.3,913.3
68,213.5,3827.3
95.5,215.4,1424.8
103.2,218.3,1821.4
74.7,215.5,714.3
70.6,220.3,1639.7
73.1,214,2347.7
105.8,219.8,2785.4
68.9,216.2,1978.6
68.9,216.5,1743.7
150.3,229.4,356.9
104.4,219.3,926.7
97.2,221.7,557.7
72.2,217.1,1593.1
80.8,214.6,609.6
92.2,216.1,492.5
69.7,218.8,3201
71.1,222.4,1865.1
69.8,219.3,429.8
70.9,222.5,901
69.9,219.6,927.6
85.5,221,367.7
143,220.4,2935.6
100.6,222.3,432.5
71,222.9,1443.9
71.5,221.6,1292.3
70.6,221.6,881.9
88,225.8,2259.6
117.5,221.7,1763.3
102.3,221.9,1193.5
72,226.1,663.5
92.1,223.8,6861.9
109.8,226.5,1724.6
70.9,222.7,2030.8
71.2,220.1,1410.7
95.9,227.5,560.7
98.6,226.1,589.7
71.4,224.3,1766.1
73.5,230.7,2785.1
71.5,224.6,1017.5
71.7,224.8,504.5
72,226,660.1
83.6,229.1,569.4
72.2,226.7,1311.2
73.8,231.8,1356.2
95.4,230,4159.8
101.6,227.4,869.3
72.5,227.6,501.8
72.6,227.9,946.2
111.7,236.6,848.1
123.8,226.9,2104.2
74.5,233.9,613.1
77.5,229.9,1185.9
86.5,229.3,711.8
143.9,239.6,973.5
73.1,229.4,1720
73.1,229.5,4284.9
73.2,229.8,5784.7
75,235.6,614.6
79.8,233.4,655.6
75.9,238.2,722.7
114.8,242.3,805.5
76.3,239.7,356.3
77.8,232,1646
89.8,234,1321.4
98.9,238,1553.9
75.1,235.7,632.6
90.4,236.5,1053.1
75.4,236.8,5466.9
75.9,238.4,1060.8
122.7,238.2,2040.5
99.6,243.3,1354.1
76.4,239.9,2237.4
102.8,239.3,2049.9
160.1,245.7,2311.2
122.7,242.9,12401.2
87.1,243.9,1120.6
82.4,255.8,1777.5
114.6,244.5,2503.6
106.7,242.4,4754.5
89.5,246.7,1026.1
127,246.7,1260.1
105.9,244.9,10095.2
91.4,249.5,1321
82,249.8,2291.9
79.7,250.3,2394.4
79.8,250.5,1370.2
80.7,250.7,3088.3
104,257.3,3065.1
88.5,254.5,928.8
80.8,253.6,3786.8
175,266.7,149.6
109.8,251.1,718.5
83.4,261.7,1958.9
108.8,257.2,1000.5
82.3,258.3,4998.4
133.3,252.6,1156.4
115.9,258.3,587.8
142,259.4,1092.2
80.9,253.9,814.3
81.4,255.5,3048
81.8,256.9,1903.5
82.1,257.8,571.9
82.3,258.5,2230.8
104.8,260,892.5
158.8,267.6,1239
81,254.2,1705.4
94.4,262,3178
99.9,265.9,1842.2
105.7,265.6,1073.7
149.8,262.6,583.9
83.6,262.5,1388.3
83.7,262.7,2401.3
152.5,262.9,1567.4
83.8,263.3,3405.5
84,263.6,2115.5
126.6,267.6,4714.2
84,263.7,1608.7
139.3,266.6,6655.9
128.9,268.5,1041.4
89,264.3,3774.7
107.4,268.2,547.8
106.5,266.7,2353.3
95.8,271.2,1728
110.7,275.8,557.8
117.9,277.1,741
122.9,280.6,3011.2
113.8,273.5,4239
89.3,280.5,618.9
90.2,283.2,952.5
90.1,283,1955.8
88.3,277.4,764.4
90.3,283.4,1893.7
88.5,277.9,1051.3
94.7,278.3,2502.9
89.2,280.2,3262.2
88.7,278.5,1606.4
187.8,295.9,767.6
101.8,285,3078.1
123.4,283.6,941.6
91.7,288.1,3488.5
123.3,289,870.9
92.5,290.5,903.1
114.5,294.4,951.2
93.4,293.4,714
142.2,309,2966
95.9,295.5,787.6
114.3,301.4,2404.7
94.4,296.5,766.5
95.1,298.6,539.6
98.7,310,1165.1
97.2,304.2,969.3
125.6,310.2,3207.8
114.5,308.5,1340.1
157.7,318.9,1017
107,312.6,1351.8
146.9,317.4,2115.8
102.7,322.6,3474.3
147.8,330,851.5
116.1,332.8,971.4
139.4,331.4,1104.7
128.3,335.2,1291.7
140.5,340.6,694.2
115.6,336.4,1736.5
108.7,341.5,2472.3
155.7,347.2,846.3
109.3,341.8,2190.9
125.7,346.7,4157.5
148.7,348.4,1406.7
111.5,350,2542.2
116.8,364.6,3254.8
154.5,372.6,1847.6
165.2,378.6,2291.6
190.4,389.6,959.6
124,389.2,709.7
130.2,408.9,1758.6
200.1,422.4,812
198,429.1,1894.4
139.2,437.1,1013.3
188.3,454,6902.3
144.8,454.7,10507.2
184,472.4,915.2
152.6,464.9,3306.8
212.6,491.9,930.1
214.3,551.9,1306.3
205.2,566.9,866.8
264.2,569.4,1667.9
275,572.5,32870.2
188.7,590.8,1483.9
189.2,592.1,7601.8
224.7,593.9,1124.9
193.5,607.6,2576.7
300,675.9,11740.8
216.9,681.1,1340.1
281.2,711,878.7
235.3,738.8,4241.6
245.9,772,2590.1
246.2,773.2,2183.8
327.1,804.4,1830.1
554.1,874.3,226.2
266.9,838.1,1170
330.6,896.1,5755.3
365.9,1148.8,4973.7
379.2,1190.7,11605.6
575.7,1807.6,4929.2
978.4,3072.3,6125.2
0.8,2.7,5.2
3.9,9.2,83.6
15.2,16,65.3
12,17.4,53.5
12.4,20,30.3
7.4,23.2,42.2
11.6,31.8,67.7
11.4,35.9,133.6
11.7,36.8,438.4
12.9,35.3,76.1
20.7,40,170.2
18.1,43.1,659.4
13.9,42.2,103.7
15.1,47.6,826.6
27.5,49.1,466.5
17.1,53.8,217
41.6,57.9,124.5
38.8,57.9,591.8
18.9,59.4,160
45.4,62,136.3
25.6,60.2,127.7
43.6,61.5,232.6
20,62.9,249
47.7,64.3,570.9
20.3,62.1,124.3
20.5,64.5,367.5
29.9,64.9,155.2
26.6,66.4,186.3
24.8,66.3,552.5
27.1,66.1,619.7
47.9,67.8,172.5
27.5,66.8,178.3
44.9,67.7,178.6
34.8,69.1,242.8
33.9,68.7,331.1
43,69.7,361
35.1,69,158.5
22.2,69.6,1090.7
21.7,68.2,134.4
32.7,73.4,454.5
25.5,70.7,235.8
23.2,72.9,739.9
44.8,77.4,186
32.3,74.7,149.4
26.7,74.9,384.7
39.2,74.7,273.3
49.1,74,179
50.3,77,169.6
44.2,76.9,211.2
29.1,78.4,565
27.7,77.3,261.8
50.9,81.1,286.5
38.3,80.8,289.1
38.7,78,1422.3
39.5,79.3,1249.2
26.5,78.6,156.7
67.2,82.1,560.6
46.2,83.6,686.2
41.4,81.9,176.6
52.7,84.2,270.1
42.5,82.8,211.8
25.4,79.7,772
26.5,83.2,255.2
42.3,83.1,698.3
35.3,83.9,1170.9
34.5,85.8,420.5
53.2,84.9,3577.6
56.4,85.1,370.3
27.1,85.1,216.4
27.1,85.1,192.3
36.2,84.5,928.9
27.6,86.6,438.9
56.4,89.1,1093.7
53.2,88.4,236.9
56.4,89,298.5
33.3,88.6,440.5
74.9,90.8,413.2
60.2,87.7,202
47.6,87.8,271
66.5,90.2,309
59.8,83.9,243.4
32.9,91,561.1
53.4,93.2,280.5
67.2,89.7,209.7
38.2,90.8,689.1
29.5,91.3,1342.2
52.9,93.4,223.8
28.1,88.3,605.2
29.2,91.7,877.1
55.8,92,1014.3
34.6,92.2,236.5
52.6,91.9,1091.7
63.3,95,293.8
29.6,92.8,262.4
56.4,93.4,293.6
52.1,93.5,390.7
60,94.9,255.4
55.6,95.9,511.8
38.6,95,616.5
56,95.4,475.6
33,96,283.2
32.9,95.9,1206.2
49.8,95.5,823.7
29.6,93,331
59.8,96.4,473.7
41.2,93.9,333
60.6,96.9,801.8
48.3,94.5,316.3
42.8,95.1,1649.4
46.2,96.8,380.1
46.1,97.3,292.8
42.8,95,190.4
61.3,98.6,362.4
39,99,905
35.5,98.8,699.4
37.7,99.4,1028.4
68.9,100.5,284.4
49.7,100.2,221.5
60.9,100,390.4
57,99.4,950.5
57.2,100.3,210.6
47.9,102.6,586.2
64.7,102.1,887
32.3,101.5,202.1
38.8,102.6,1396.1
72.5,104.1,351
56.3,100.1,1245.8
55.1,101.9,1111.7
71.3,104.3,366.7
33.2,102.2,509.9
51.4,101.8,655.8
54.4,101,291.9
57.4,100.9,294.2
65.9,103.5,261.3
55.3,102.5,108.3
70.7,104.6,303.2
51,104,369.3
65.6,104.5,265.9
40,105.2,580.3
32.7,102.7,254.9
33.6,105.5,1596.2
72.3,107.1,814.5
33.4,105,1055.8
63,106.6,284.5
66.9,106.2,487.4
48.9,104.2,538.5
40.8,107.8,544.5
46.6,106.3,214.8
37.3,108.3,358
36,109.3,267.3
69.6,109.7,558.4
63.2,108.6,126.7
70,112.3,477.3
43.9,109.3,401.7
73.7,112.9,440.4
47.2,109.3,339.1
77.8,113.3,449.2
63.3,109.2,649.3
63.5,114,390.2
73.7,116.1,2183.3
64.1,112.8,476
54.3,115.3,318.4
41.8,112.7,620.9
63.2,111.7,847.3
36.2,113.8,467.1
49.5,114.6,927.7
61.5,112.4,659.6
35,110,327.6
36.4,114.3,245.7
46.8,112.4,1204.5
66.4,117.2,311.1
47.2,116,423.7
54.9,111.9,633.6
59.6,115.4,301.2
63.5,117.3,317.4
37.1,116.5,1636.1
83.7,118.9,363.4
66,115.6,508.6
37.3,117.3,1021
77.6,118.4,320.3
57.6,118.7,884.6
76.6,118.8,317.8
79.7,118.5,379.8
37.5,117.9,508.9
46.1,116.9,393.3
59.5,119.3,1066.2
60.1,117.8,466.6
75.9,120.8,689.9
71.9,117.7,643.1
61.1,117.6,330
40.7,117.8,946.1
71.6,119.6,662.9
61.9,118.4,518.9
67.1,118.5,357.2
77.1,121.1,367.4
68.8,119.8,2318.8
52.9,121.3,697.9
36.9,115.7,368.1
76.2,120,567.1
63.4,117.9,1755.9
75.5,120.7,260.7
73.3,120.9,335.6
62.3,121.8,459
48.3,120.2,1037.8
40.1,120.7,1122
45.5,119.8,731.3
73.7,119,288.2
38.5,120.9,1325.1
48.8,120.6,1045.2
74.9,121.7,379.5
40.5,121.6,1190.8
38.8,121.8,580
82.5,123.4,296.8
43.1,122.4,677.6
68.7,119,490
74.1,121.3,2370.8
69.2,122.9,1617.4
74.6,121,829
85.8,125.7,690.2
74.5,123.2,486.5
39.3,123.3,1696.1
43.4,123.5,372.4
71.4,123.6,932.9
77.1,123.5,575.9
75.4,123.7,486.3
42.3,121.6,1943
76.3,123.4,417.9
39.5,124.2,457.6
49.4,125.1,441.9
99.8,128.5,290
88.3,128.1,457.6
68.9,127.3,1000.3
80.9,126.2,380.6
93,127.6,310.2
70.2,125.1,565.9
68,128,398.9
50.2,126.5,1330.2
83.2,126.9,309.7
55.9,127.4,1122.9
51.1,126.4,1318.5
66.4,126.3,920.6
90.5,130.7,469.7
70.9,127,640.6
69.8,125.8,2890.6
102.9,132.1,918.3
75.6,128.6,328.9
43.7,128.5,1213.3
44.2,125.8,379.4
71.8,128.7,1268.9
87.4,125.3,409.5
89,129.3,349.6
69.4,129.1,2654.9
47.3,130.3,276
40.2,126.3,250.1
73,129.7,1284.7
51.4,130.9,391.3
78.8,130.7,904.9
69.9,131.1,1872.6
47,131.7,1785.8
42.2,131.9,2595.5
70.3,132.1,1260.5
65.7,131.2,446.4
74,131.2,447.7
56.7,132.6,347.9
88.1,135.9,413.6
77.2,133.7,342.2
42.7,134.2,919.1
45.7,134.7,1765.3
44.2,135.3,1588.6
51.6,135.1,559.6
55.2,135.8,1056.9
71,139.3,1151.2
75.6,135,1701.9
75.8,133.7,675.6
74.8,138.2,530.8
43.3,135.9,1722.1
44.5,133.9,1481.3
73.3,136.9,376.4
42.9,134.6,1767.2
93.4,139,971.9
43,135,746.3
89.5,134.3,331.3
46.8,137.4,2595.1
43.8,137.5,772.1
77.3,138.2,288.5
59.5,139.7,379.2
54.7,137.7,424.2
51.9,139.4,588.7
82.8,137.5,3171.7
61.9,139.8,553.7
70.3,138,702.5
85.1,139.8,429.5
83.9,142.5,916.3
54.8,136.5,572.4
44.8,140.5,320.6
61.8,141.9,354.9
70.7,139.8,417.1
53.6,140.1,1178.5
45,141.2,1195.6
45,141.2,517.1
57.5,141.6,299.8
81.1,142.2,352.1
45.3,142.4,1010.3
78.8,141.8,328.7
69,143.8,734.9
45.3,142.1,443
62,143.1,469.1
45.2,141.9,1069.4
64.8,144.4,381.8
45.8,143.8,1276.1
45.8,143.8,766.9
46,144.3,3184.8
46,144.5,1880.4
48.2,143.8,1846.8
64.4,146.2,400.9
85.4,144.1,390.7
46.3,145.2,1854.8
59.9,145.6,589.5
64.5,145.6,566.1
60.6,145.6,670.2
64.3,146.8,300.8
68.3,142.5,326.6
45.9,144,1135.1
74.8,145.6,1038.5
46.7,146.7,2289.9
80.9,146.1,6024.4
59.9,133,2714.7
82.7,144.3,510
46.3,145.5,668.5
52.6,147.3,958.1
83.6,151,525.8
47,147.5,7249.8
87.7,146.5,536.1
46.4,145.8,1249.2
47.5,149.3,2214.5
47.6,149.6,4020.6
47.3,148.2,658
120.1,154.8,452.8
65.9,150.9,428.7
59.3,151.9,1565.4
85.5,151.1,704.1
90.3,153.3,392.3
74.4,151.8,694.9
47.9,150.4,1885.3
82.3,151.1,654.6
80.5,151.2,394.4
53.1,151.3,589.1
97.5,155,875.4
84.4,154.6,1312.1
87.1,155.3,1955.1
54.8,151.4,822.2
86.2,156.3,461.8
50.8,154.3,1918.6
49.1,154.1,1399.3
49.1,154.2,485.5
87.2,152.6,1086.8
61.1,153.6,648.2
49.2,154.6,617.3
49,153.9,1058.9
64.2,153.6,1556.9
50.7,159.1,503.3
85.7,151.9,428.7
94.4,158.1,2267.5
79.3,154.2,493.9
48.9,153.1,3297.5
63,154.7,841.8
49.7,156,2044.4
68.7,154.9,3512.5
89.4,155.2,979.9
62.2,157.1,1495.5
64.6,157.3,2543.3
68.1,155.7,972.4
51.8,156.9,353.9
50,157,1446.4
49.6,155.9,1668.2
49.6,155.7,330.4
58.2,157.8,441.6
50.3,157.8,720.4
50.3,157.9,1338.2
86.8,157.5,2497.3
50.3,158,556.4
82,160.2,1455
56.6,158.5,2970.1
81.4,157.1,937.3
96.2,157.9,1482.7
50.6,158.8,868.6
50.5,158.4,2123.2
73.1,156.9,352.2
50.8,159.5,522
52.3,159.1,295.7
60.3,160.4,454.3
51.1,160.6,1643.4
53.6,161.3,715.9
74.2,163.2,732.2
50.8,159.4,1049
100,159.6,345.9
51.4,161.5,1804.5
73.2,160.4,625.4
51.5,161.8,2572.8
50.7,159.3,1992.2
63.9,160.6,1005.9
52.3,164.4,790.4
100.2,161.4,2863.4
66,160.4,521.2
60.7,163.3,4524.2
65,164.5,2208.4
86.9,164.3,315.3
85.9,163.1,689.9
52,163.4,645.7
62,157.9,1167.2
80,163.3,803.4
52.2,164,4611.3
57.1,161.6,2171.3
51.1,159.6,932.3
52.3,164.3,480
86,165.3,2117.6
53.5,164.7,2427.3
52.5,164.8,361.1
52.5,164.9,2540.4
129.7,170.2,180.6
52.5,165,1134.3
52.3,164.1,460.1
52.2,164,3777
52.9,166.2,2371.4
52.9,166.2,1159.2
53,166.3,375.6
52.6,165.2,798.2
73.5,167.8,1129.7
86.7,170.5,466.3
58.1,165.9,2765.7
72.5,165.8,729.6
75,166.7,339.7
53.2,167.2,8285
61.1,166.1,9950.1
53.1,166.7,2712.1
71.2,168.9,534.1
100.7,169.9,982
53.3,167.4,3648.1
53.5,168.1,3778.1
54.3,170.6,1107.2
95.7,168.9,806.1
127.4,174.1,910.6
61.7,168.8,1461
62.4,169.1,2024.8
67.2,169.7,1642.3
56.6,168,1365.8
66.7,167.3,442.3
75.2,170.3,572.9
52.4,164.6,441.2
54.3,170.4,340.5
72.2,168.5,386
67.9,171.1,1411
73.8,168.9,463.6
90.8,169,661.9
71.5,171.5,892.3
67.3,171.5,1279.4
54.9,172.5,742.7
60.2,172.9,2411.2
70.1,172.7,1205.2
70.4,171.8,728.5
53.4,167.7,563.6
55.1,173.2,1461.9
80,174.5,558.1
55.3,173.7,1493.3
110.7,175.8,437.3
54.6,171.3,1469.4
55.9,175.2,2011.6
95.5,175.2,1408.2
56.3,176.1,1169
71.2,173.6,1129.8
55.9,175.6,1331.9
55.9,175.7,1186.8
119,178.3,986.6
102.7,174.9,482.9
60.4,175.3,2239.8
55.3,173.5,1337.3
64.5,176,953.1
72.4,176.7,800
65.7,178.2,2310.1
57.8,181.4,1132.2
56.5,177.3,1265.4
56.5,177.5,1846.7
56.5,177.4,1042.8
56.2,176.6,1267.8
65.1,173.1,292.6
56.2,176.3,2001.3
56.7,175.1,2859.7
63.4,175.5,1017.5
108.6,180.6,1331.6
67.6,178,490.8
108.2,178.5,2065.6
56.5,177.5,2525.1
86.8,180.2,712.3
57.3,180.1,2592.2
91.5,177.4,828
135.2,184,541.3
109.2,178.2,391.6
57.5,180.5,10068.6
104.7,177.5,395.9
57.6,180.8,4095
57.7,181.2,2739.2
102.9,178.8,588.9
58.7,184.4,113.5
58.2,181.1,2846.1
84.3,183.6,537.2
57.8,181.4,3602.9
109.3,183.7,635.6
79.7,180.1,1355.3
103.9,182,455.3
58.1,182.4,1696.3
65,183.5,2172.7
77.6,178.3,529.9
82.1,180.4,720.2
58.3,183,2152
71.4,183,2187.5
58.4,183.5,517.1
58.5,183.6,1637
63.4,181.9,487.1
89.4,183.2,1665.1
58.7,184.3,1669.9
58.7,184.4,2089
58.2,182.8,1304.3
86.7,186.5,2336.5
58.8,184.8,4249.5
93,183.4,549.6
58.9,185.1,1660.2
59,185.3,553.2
67.8,185.7,1266.1
61,186.4,1372.8
66.1,184.8,1296.5
77.7,184.7,929.6
112.8,188.1,403.2
78.9,176.3,621.3
61.9,185,772.6
59.6,187.3,2180.7
62.6,188,1644.3
59.9,188,987.3
75.4,188.6,2399.5
87.3,190.8,2999.7
60.1,188.7,1650
61.5,186.6,4575.1
60.6,190.2,352.9
109.3,190,178.6
60.5,189.9,2384
66.7,190,5553.1
82.9,189.3,308.2
59.9,188,468.8
91.5,190.6,1064.8
77.2,192.9,398.6
120.3,189.7,2268.5
61.1,191.7,959.6
94.6,192.9,2325.1
61.4,192.7,2579.3
61.4,192.7,2248.7
80.3,191.1,555.7
60.9,191.4,487.4
64.3,197,3970.7
110.2,193,1564.9
120.5,198,1500.4
61.7,193.9,1935.5
61.8,193.9,2966.1
87.5,191.4,4821.9
61.1,191.8,1157.2
60.9,191.3,2227.7
62,194.7,1839.2
73.5,193,622.5
62.3,195.7,1290.8
81,193.4,2148.5
89.3,197.7,915.5
62.4,196,1496.1
62.6,196.3,737.7
62.6,196.6,4705.3
80.9,196,428.5
63.7,200,934.2
75.3,195.6,1016.1
61,191.7,403.2
69.9,198.3,623.1
87,196.8,686.6
62.4,196,1721
62.9,197.5,1931.6
108.8,196.5,457.7
68.8,199.6,1954.3
65.5,198.8,3782.3
63.3,198.9,676.8
79.9,199.5,1109
63.1,198,1907.8
64.7,203.3,856.1
84.8,199.4,950.8
63.7,200.2,1436.9
89,197.8,671.2
144.5,203.5,878
63.9,200.7,1230.9
64,201,504.1
64.3,201.8,5276.8
140.7,200.5,986.4
75.5,201.3,453.6
65.3,203,1874.7
80.5,200.6,755.4
64.7,203.3,1761.3
64.7,203.3,1164.4
88.1,206.4,2359
65,204.2,1867.9
78.1,206.5,816.9
83.8,205.9,700.5
94.3,203,886.2
65.6,206,1734.9
88.8,205.6,522.7
114.9,209.5,1674.4
66.4,206.3,4089.1
65.7,206.3,2874.1
81.8,207.9,5903.3
66.9,210.2,934.9
65.6,205.9,569.9
66.5,208.7,2325.6
67.2,208.8,1475.1
121.5,209,585.8
116.1,208.8,2174.3
86.5,210.6,475.8
67,210.4,2068
91.2,211.7,1821.2
67.2,211,2305.2
67.3,211.3,379.5
67.5,211.9,871.8
90.3,214.1,1226.5
97,205.7,2000.8
89.8,212.5,558.5
68,213.4,6063.6
68.1,213.8,2700.2
67.3,211.4,2210.5
68.1,213.8,797.8
68.3,214.5,2302.1
68.5,215.2,1623.7
83.7,215.1,419.5
89,215,1852.2
91.7,215.8,1478.5
68.3,214.6,3978.6
68.9,216.2,2572.3
67.7,212.7,707.1
70.2,220.4,1356.9
69.2,217.4,6259.1
71.6,217.9,1647.2
72.7,217.1,1580.3
96.2,217.1,8172.3
76.5,219,1178.2
82.1,217.4,59.3
70.8,218.8,3145.8
69.7,219,4218.1
69.3,217.6,1062.6
70.8,219.2,3346.2
143.6,222.4,361.6
93.4,217.3,510.2
87.5,214.3,715.9
70.1,220,488.7
71.9,220.1,727.7
82.8,218.2,1021.1
78.3,219.1,3373.4
70.3,220.6,758.8
70.3,220.8,3319.2
70.3,220.8,974.5
75.3,221.9,898.6
71.9,225.7,595.6
70.6,221.7,5311.4
80.4,222.9,2432
84.5,222.5,2363.2
71,223,537.9
80.7,223.8,3830
122.1,219.6,711.3
85.7,222.5,865.2
71.5,224.5,1105.6
70.3,220.7,822.6
92.1,227.3,621.3
71.5,224.5,626.2
72.1,226.3,1321
163.6,228.8,1979.8
72.3,227.1,5027.8
91.1,228.2,2399
135.7,230.2,993.2
99.4,228.5,894.3
115.3,229.1,1998.3
73.2,229.8,2164.4
73.4,230.6,1748.9
77,229.5,668.2
72.3,226.9,637.4
76.1,228.9,2587.4
73.9,232,700.4
74,232.3,2488
144.3,229.3,1135.4
143.1,238.3,610.6
175.8,235.5,3284.7
74.3,233.2,1463.1
75.5,235.4,1837
74.7,234.5,1402.4
80.1,233.9,2382.7
74.9,235.3,1453.1
75.7,237.8,370.4
99.6,237.1,9898
75.5,236.9,1089.7
75.5,237.1,11646
79.9,237.3,1538.5
104.9,236.6,2112.4
116.1,241,3153.8
76.1,238.8,737.4
156.1,240,2337.4
132.5,242.7,611
76.4,240,1651.1
77.7,244.1,1437.2
76.9,241.4,802.7
77.5,243.3,1146.9
77.8,244.2,558
79.2,248.8,2269.4
79.3,249.1,1907.9
89.5,250.5,2986.7
143,255.4,2023.3
86.1,251.2,857.1
163.1,256.3,147.7
80.3,252.2,2092.2
126.3,252.2,6386.3
80.5,252.7,3399.6
81,254.4,5146
81.9,254.4,3238.5
79.8,250.5,814.2
81.3,255.2,2027.6
116.7,257.1,960.6
129.4,256.2,13587.8
81.8,256.7,1451.4
146.6,253.7,1566
85.4,254.4,706.4
117.2,261.3,5286.2
83.6,262.6,16361.8
108.1,265.2,3293.9
126.6,261.4,628.6
84.7,266,2514.3
87.6,266.4,2489.9
84.8,266.4,2118.2
122.1,266.9,2807.1
84.6,265.8,2076.7
99.2,265.9,2340.7
96.9,269.5,1499.6
87,273.2,633.7
98,274.8,3468.1
124.1,276.5,2589.7
91.2,283.6,2107.4
116,280.5,597.4
87.7,275.5,1309.4
89.3,280.3,1525.8
89.2,280.2,1450.1
154.6,280.8,2117.6
138.1,280.6,936.4
90.6,284.6,2744.2
144.4,289.7,5332.6
97.7,286.8,2672.5
118.9,285.9,886.7
95.9,290.4,1087.4
185.3,295.2,813.6
109.8,298.3,2136.8
152.2,294.6,1265.4
94.1,295.4,743.3
94.8,297.6,847.9
119.7,301.1,7229.7
96.4,302.7,1086.4
101.2,302.6,943
98.4,308.9,566
98,307.8,2231.4
142.8,308,2109.2
100.4,314.5,2083.6
119.4,317.1,983.8
128.5,315.5,3398.8
105.4,321.1,4855.3
120.7,320.4,1457.8
130.7,326.1,5144.9
105.5,331.2,3744.2
108.3,340.1,2569.6
111.6,342.6,944.6
113.3,337.4,1456.2
115.8,363.7,2718.4
124,361.9,1934.1
146.5,364.7,1883
158.3,371,2323.4
194.2,401.6,2522.3
168.6,411.2,1082.2
132,414.5,1001.5
183.8,422.4,1914.2
198.9,432.4,861
138.4,434.6,1932
165.5,461.9,6235.6
149.9,462.9,3400.1
175.9,490,1240.3
212.5,498.1,345.5
200.6,553.5,1546.5
225.7,569.2,1153.4
369.9,567.1,3922.1
275.8,583.1,1774
186.1,582.7,1523.1
190.1,596.9,2616.8
215.5,620.6,975.1
245.7,621.9,1229.7
213,668.7,1362.6
321.8,695.8,2358.3
224.2,704,4178.4
229.1,719.4,2495.3
247.3,723.1,2792
341.2,720.7,13037.8
300,747.3,959.6
249.7,784,2296.2
366.7,861.5,1125.5
344.7,914.8,6075.7
373.3,1172.2,11861.7
964.8,3029.6,6244.2
3.4,10.6,25
5.7,17.9,77.9
15.2,19.5,65.3
12.5,20,30.8
7.9,24.8,102.9
10.3,27,58.7
10.1,31.3,243.6
10.1,31.8,442.5
14.1,35.6,153.4
13,34.9,74.5
11.9,37.5,163.1
20,40.5,161.6
20.3,41,172.2
13.8,43.5,204.8
14.9,46.7,759.5
42.4,49.2,275.6
45.7,52.8,126.5
24.6,52.1,368.2
22.9,54.3,130.1
29.9,55,507.8
32.7,56.8,503.8
21.7,56.8,1022.9
35.8,52.8,215.7
27.8,59.5,135.8
27.4,61,162.8
17.9,56.2,369.6
20.7,64.8,123.6
50.4,65.9,608
26.9,64.9,196.4
21,66.1,207.6
29.5,66.3,328.2
50.1,68.6,261.3
31.4,66.4,169.5
34.3,68.2,365.7
21.9,68.8,276.1
33.8,69,274.3
22,69,210.4
42.2,70.1,465.9
40.2,71.1,449.4
21.8,68.6,160.4
50.4,73.1,189.7
67.2,76.7,261
53.3,75.9,289.9
52,75.1,177.8
24,71.6,398.7
47.7,74.3,423.3
32.9,75.6,803.5
25.3,75.6,168.7
28.6,76.4,544.1
53.4,77.8,3544.6
57.2,78.8,222.5
56.7,80.1,293.5
29.3,81.2,314.1
25.8,81.1,569.6
34.7,81.8,198
48.7,83.8,309
41.9,83.2,235.2
60.3,86.5,397.2
36.5,83.1,1039
54,84.2,1134.2
43.7,83.5,1685.7
46.3,87,349.6
53.2,86.9,265
29.4,88.1,1278.9
79.3,92.5,242.1
55.4,87.8,342.9
62.3,88.3,249
46.5,88.4,212.3
66.1,92.4,208.6
42.4,87.4,1164.3
35.6,89.6,450.3
59.1,90,266.8
48.5,91.3,1565
59.1,91.3,331.2
31.2,88.9,317.3
43.1,91.9,1765.9
33.1,92.6,755.9
33.2,92.4,276.3
43.9,90.8,228.7
46.8,93.5,410.4
50,90.7,891.7
40.4,93.5,810.1
53.1,94.9,934
31.6,94.4,622.1
53.7,96.4,863.1
54,96.5,1255.3
34.9,95.2,279.9
51.7,93.8,321.9
57.1,92.3,322.4
46,96.4,235.3
48.8,95.1,752.4
62.3,97.5,1184.7
42.5,96.7,376.2
30.9,96.9,721.1
39.2,97.2,1021.1
64.8,97.8,920.8
36.9,97.5,1162.8
31,97.3,1594.6
77.5,100.5,310.5
67.9,98.3,298.1
59.6,97.4,334.5
62.9,98.1,877.9
57.4,98.6,927.2
57,97.6,437.4
47,97.4,757.2
71.5,101.5,338.4
51.9,97.8,710
57,98.3,456.6
32,100.6,1123.8
32.1,100.7,777.3
38.9,101.2,1593.8
41.1,100.2,747.2
70.5,101.7,833.2
37.4,99.6,325.1
32.6,101.3,1613.9
32.4,101.6,202.4
54.1,100,277.1
32.5,102.1,414.3
54.1,103.9,1827.2
64.1,104.5,307.2
62.3,101.1,563.7
55.5,104.4,1042.8
69.8,106.4,245.2
69.8,103.9,306.6
59.2,105.6,609
33.2,104.3,261.6
39.5,105.1,607.4
38.2,102.1,662.2
75.9,109.1,385
33.6,105.4,1071.6
33.6,105.4,422.8
75.4,107.3,385.5
35.6,105.7,1145.2
70.6,105.4,410.8
33.3,104.7,1232.9
68.9,107.2,452.1
68.2,108.5,426.1
62.2,105.6,244.9
47.3,107.6,242.2
41.5,106.5,620
51,104.4,1053.1
72.2,108.1,360.3
62.8,104.5,339.6
58,105.4,338
50.9,105.5,1271.1
37.1,107.8,413.5
50.2,109,1007.4
73,108.9,385.6
60.5,110.5,926.6
34.7,108.8,521.5
71.3,110.5,279.2
74.3,110.7,280.6
51.9,106,1727.8
69.9,107.6,541.7
60.5,109.3,115.9
71.9,110.8,302.8
35.2,110.6,407.6
69,111.2,674.7
77.8,114.2,554.1
36.1,113.3,922.4
36,112.9,240.8
65.3,112.5,371.1
65.6,111.8,525.1
55.7,115.9,741.8
45.9,111.9,471.9
36.4,114.3,1462
62.5,112.5,731.8
48.5,115.1,427.2
73,115.8,5289
65.7,114.6,2244.4
38.3,115.9,330.1
72.6,115.4,684.3
90,117.1,279.6
48.8,114.3,342.8
77.5,119.2,494.2
41.5,115.9,809
68.4,115.9,735.6
71,115.9,342
55.9,114.9,464.6
69.2,119.2,506.5
49.6,115.1,257.5
87.5,118.3,391.7
84.8,123.2,510.6
48,118.8,500.6
68.1,117.3,568.2
69.6,119.9,342.3
37,116.3,271.2
53.1,120.8,559.5
38.4,120.5,726.7
75.2,123.3,326.6
59.8,119.2,960
38.5,120.9,442.8
56.8,119.7,1473.2
46.6,116.4,463.7
82.6,121.9,614.9
50.2,122.3,1469
38.7,121.5,2023.4
80.3,125,713.9
37.7,118.3,372.7
38.7,121.7,1085.6
42,122.2,1337.6
73.4,123.4,1011.1
78.6,122.2,416.1
64.8,121.2,380.1
77.5,124.9,373.1
47.6,123.8,1356.8
62.2,126,389.9
70.8,120.2,145.4
84.4,124.5,363.1
74.1,123.6,522.9
85.2,126.6,479.4
75.9,122.3,575.8
58.9,120.8,990.2
81.6,123.1,690.9
39.3,123.3,305.7
55.4,125.5,822.2
76.8,124.7,906
48.1,125.7,488.8
57.8,123.8,1135.5
75.7,123.4,2440.6
84.6,128.9,742.9
54.1,125.6,435.2
47.5,127.1,1208.6
82.9,128.7,418.5
56.6,128.2,859
81.4,127.1,831.6
39,122.5,309.4
68.7,126.9,447.2
51,125.7,1258.3
74.8,127.2,357.6
39.5,123.9,429
49,129,317.6
92.7,131,436.5
101.2,133.6,955.2
70.7,129.6,2931.2
75.8,129.6,360.9
80.4,128.6,683
79,131.5,651.5
75.5,128.6,570.9
84.9,128.6,665.1
65.4,130.1,500.1
44.1,126.5,445.2
48.1,129,1307.6
88.3,131.5,364.6
44.5,129.1,454.6
54.7,129.3,340.3
44.6,129.1,1209.2
90.6,133.5,345.6
86.5,132.6,308.3
80.2,131.6,984.7
61.5,126.5,516.7
72.9,132.8,1903.3
77.8,132.6,438.1
89.2,136.1,513.8
57.9,131.9,351
54.6,129.4,632.7
74,132.2,734.3
78.7,131.4,511
90.5,135.4,345.6
68.8,134.6,447.2
69.9,132.6,391.7
104.7,138.4,355.6
65.7,136.8,4986.1
99.2,140.8,736
80.3,138,3433.1
79.7,136,400.7
59.9,138.4,614.5
46.4,136.6,2052.5
73.6,136.7,2171.8
44.6,139,3193.3
62.3,139.1,518.2
65.6,139.5,4449.1
80.2,139.3,321.1
79.8,135,1155.1
99,144.6,1005
45.8,141.5,1943.5
55.6,142,310.6
76.8,141,1496.7
57.4,142.2,1683.8
45.2,141.9,2155.9
78.1,141.6,433.7
45.3,142.2,2148.7
102.3,144.2,411
63.5,144.5,410.2
72.6,142.1,800.6
87.9,144.2,710.4
46,144.3,944
47.7,143,2511
46.1,144.4,738.5
61.5,138.7,3011.1
80.7,142.6,536.6
54.4,139.7,363.7
46.2,145.2,1852
99.5,149.4,484.4
45.8,143.8,1768.3
47,147.5,686.5
84.4,144.4,400.3
63.8,147.4,1463.3
87.2,140.3,2823.8
45.9,144.2,1427.3
68.2,141.8,366.9
51.9,145.3,1992.7
47,147.5,3801.2
47,147.6,1458.6
47.1,147.7,543.1
47.4,148.7,4848.3
57.8,144,1451
76.5,145.5,420.6
83.2,148,376.4
55.1,146.4,1352.8
65.1,150,461
67.3,152.5,345.9
47.5,149,543.5
48.1,151,2591.3
46.7,146.8,1308.4
75.2,151.5,476.2
47.9,150.5,808
91.1,151.1,828
46.9,147.4,927.9
61.3,151.2,1647
66.3,149.8,1062.8
71.6,150.1,3883.5
57.3,149.5,986.7
50,157,577
56.1,150.7,724.8
48.7,152.8,1224.5
92.2,152.4,3772.6
101.2,158.1,879.6
57.4,148,554.3
49,153.7,1515.2
48.8,153.1,8818.4
48.7,152.8,958.5
83.6,156.8,2207.9
93,153.5,2701.4
112.2,157.4,542
63.9,149.5,394.8
48.9,153.4,1369.4
61.5,153.6,744.7
82.4,158,498.6
49.6,155.7,530.9
75.5,154.7,852.5
50.2,157.8,1616.1
50,156.2,3869.2
105.4,153.7,453.9
88.2,156.4,436.6
69.6,157,686.8
89.5,156.9,579.8
56.2,157.5,700.1
50,157,1347.8
95.5,154.9,363
50.2,157.6,2143
70.6,156.5,882.8
49.3,154.7,1440.4
50.3,158.1,2282
66.4,156.8,1808.9
62.8,155.3,833
51.4,160.8,2143.6
56.1,157.5,2442.8
54.6,160.1,3056.8
75.5,158.5,698.7
95.3,159.8,1012.1
50.7,159.3,1279.3
51.2,160.8,856
51.2,160.7,749.1
53.2,161,2623.3
51,160.1,2000.4
51.5,161.7,905.1
75.1,156,934.1
91.2,163.7,578.9
51.6,162.1,2528.7
51.8,162.5,2230.7
51.6,162.1,1357.6
85,160.1,1071.7
74.5,165.2,1017.5
54.3,162.2,351.7
52.1,163.6,1734.5
52.1,163.7,4352.8
100.2,168.8,2394.3
90,167.6,549.5
53.5,164.7,386.1
71.5,165.3,1422.2
56.3,163.4,856
53.4,164.9,1265.3
52,163.2,1255.5
68.7,164.1,600.4
52.9,166,387.2
55.1,165.2,1553.5
52.9,166.2,634.9
61.6,166.9,5300.9
120.9,169.5,520.8
66.1,163.8,1170.4
53.1,166.7,8261.3
95.2,168.3,776.2
53.4,167.5,3110.1
95.3,158.6,1575.3
80.4,163.8,418.2
55.2,167.5,2430.3
66.1,165.7,404.4
92.3,166.9,1576.7
88,170.3,523.8
53.8,168.8,1670.5
85.6,162.9,753.9
62.2,168.9,1691.3
56.8,168,3708.7
54.1,169.9,827.2
54.1,170,1085
54,169.6,1831.9
71.4,169.1,1004.9
68.3,169.1,1001.9
94.2,172,2957
56.2,170.7,2553.1
77.5,170.7,653.4
53.6,168.2,2246.9
63.4,172.2,555.2
144.7,176.9,543.7
86.2,169.5,2318.7
53.8,168.9,652.9
74,168,1453.6
84.7,171,874.8
69.6,169.1,827.6
64.4,173,1073.5
75.3,174.7,796.2
55.1,173,2066.6
55.1,173,602.8
54.2,170.3,561.1
56.8,178.2,108.7
62.6,171.1,11853.4
74.3,170.3,857.5
55.3,173.6,3084.3
55.4,173.9,5456
55.4,174,2268.7
109.8,174.3,471
71.7,169.7,529.8
99.8,172.1,619.5
55.6,174.6,3182.6
55.3,173.7,460.6
68.3,175.5,2697
76.2,174,3114.2
55.7,175,1248.1
56.9,175.4,3011
79,173.8,402
55.7,175,3179
119.4,178.5,1052
76.2,172.5,634.3
60.5,176.8,862.1
93.5,179.6,1629.9
56.5,177.6,1355.5
56.3,176.9,1473.9
56.1,176.1,2915.3
56.1,176.2,1582.8
86,176.5,794.6
71,178.5,561.6
70.5,176.5,1511.8
57.1,179.4,731.6
98.8,171.7,169.7
57,179,1457.5
85.1,181,597.9
98.8,183.3,348
66.3,179.8,584
64.6,179.2,475.7
62.3,178.4,1492
55.9,175,1593.1
105.5,180.6,941.7
68.8,175.2,352.9
59.8,180.5,1589.1
61.6,181,2477.4
110.4,182.9,636.2
57.2,179.5,1493.2
62.9,180.8,2927.9
59.2,177.9,868.1
107.6,182,540.2
57.7,181.3,4794.6
57.2,179.5,639.8
58.1,182.6,1035.7
58,182.3,523.2
58.5,183.6,1831.2
113.7,182.6,1375.8
100.4,172.8,490.4
57.3,179.8,4630.4
58.2,182.8,10190.4
61.4,181.5,2691.6
58.4,182.7,1421.5
58.3,183,4783.5
57.7,181.1,2223
58.4,183.4,3326.5
110.7,184.1,692.9
58.4,183.4,2813.2
64.6,181.4,1206.4
91.1,183.3,3458.5
95,182.5,611
74.9,183.9,1734.8
59.4,185.1,3391
58.6,184,2013.2
103.1,184.1,1498.2
60.8,186,3465.8
78.8,185.3,1506.7
59.4,186.6,4324.5
59.4,186.7,861.1
59.5,186.8,493.5
78.1,188.5,2090.3
59.2,186,2307.2
57.9,181.9,568.1
106.3,177.8,2170.3
74.1,182.5,535.5
67,187.6,437.2
59.7,187.4,4875
61.1,188.8,1022.7
59.7,187.4,555.7
59.5,187,2796
145,194.5,1075.5
60.3,189.3,849.5
83.7,187.7,987.6
102.8,191.6,572.8
110.5,190.1,1542.8
60.6,190.2,1979.6
84,193.1,2499.8
143.5,193.2,888.4
71.3,188.1,600.2
112.9,191.3,833.4
61,191.7,1696.6
61.1,191.8,1175.2
69.5,192.4,983.9
99.1,196.2,772.1
61.3,192.5,4248.7
80.5,190.1,1089.1
87.6,190.5,1623.3
64.1,186.7,3493.3
62.7,191.2,5448.5
61.6,193.3,2833.4
61.9,194.2,1524.4
82.3,192.5,752.1
64.3,193.4,4283.1
70.2,192.6,1557.9
61.7,193.6,2590.4
62.1,195,1967.7
89.6,192.7,2751.2
61.7,193.9,847.1
75.3,193,2652.8
122.3,197.6,1522
62.1,195.1,641.8
93.8,197.4,1824.2
62.5,196.2,1995.7
62.3,195.6,704.9
116.7,192.9,467.8
62.4,196,2284.3
128.1,202,1173.3
62.2,195.2,2195
117.3,195.7,538.6
89,194.7,1504.5
63.3,198.7,1278.7
95.4,194.8,1229.8
138.1,202.2,1702.8
63.2,198.4,2160.9
63.1,198.2,2024.1
63.6,199.7,3120.4
62.9,197.5,1000.7
63.7,199.9,1389.5
63.7,200.1,2295.9
85.7,200,1080.7
63.8,200.2,435.5
64.4,202.2,1135.2
63.6,199.6,1496.1
141.4,205.3,436.8
83.2,198.4,566.2
63.9,200.8,2540.1
63.3,198.9,2427.3
64.2,201.7,537.1
64.6,202.8,593.3
147.1,206,216.8
64.7,203.2,2149.7
87.2,198.8,667.7
65.7,205.3,3414.3
85.6,200.2,589.9
80.4,202.9,1622.6
77.7,201.2,1207.8
65.2,204.8,2708
95.4,205.8,989.6
65.3,204.9,1192.2
82.9,207.1,2982.7
87.7,202.3,2568.2
65.4,205.3,1410.8
66.4,206.3,4766.9
72.2,206.8,4967.4
69.2,207.4,2233.6
65.9,206.8,2091.6
74.5,203.2,753.2
65.1,204.4,1538.8
143.6,212,2523.7
73.5,209.5,2385.6
66.6,209.1,2847.2
97.1,204.9,838.3
77.9,210.6,6226.3
66.6,209,5949.2
69.5,209.8,2751.3
66.9,210.1,3750.8
87,211.2,2538.6
84.9,212.1,974.2
66.5,208.9,2224.6
67.7,212.6,1058
68.8,216,568.2
68.1,211.9,2732.2
91.8,210.3,609.6
68.3,214.4,3449.2
91.1,211.5,2091.6
67.9,213.2,690.4
79.2,213.2,3198.9
68.2,214.2,1050.9
68.4,214.8,818.3
68.3,214.5,1231.6
86.3,215.5,911.5
68.5,215.1,5148.4
68.4,214.8,2127.4
68.1,213.5,969.9
69.7,215.8,7432
94.6,211.8,9100.6
69,216.8,2313.7
69,216.7,2314.1
107.7,216.7,2084
70.6,217.4,1865
85.5,214.6,1377
69.4,217.9,3212.4
69.8,219.2,2838.1
72.6,218.4,842.2
69.1,216.9,4698.3
147.9,226.1,362.2
73,220.6,2586.2
98.6,215.4,1349.9
86.2,219.4,2926.1
70,219.8,2088.3
94.1,213.1,2787.5
69.9,219.3,3049.9
83.7,217.4,1173.2
70.8,222.4,709.1
87.4,221.1,7179.8
70.3,220.9,3712.2
70.5,221.5,1856
82,218.4,60.9
90.8,217.3,826.3
70.8,222.2,3899.8
70.5,221.2,691.2
71.2,223.5,1285
72.6,227.8,1722.6
117.6,226.4,6332
94.2,226.4,2191.4
72,226,897.9
72.3,226.9,5102.2
72.8,228.6,6376
98.3,224.9,2021.3
132,227.8,695.6
73,229.1,7716.1
73.5,228.6,2578.2
126.2,225.6,603.5
75.6,230.4,2976.7
96.8,224.7,607.3
76.5,229.1,1945
73.9,231.9,1580.2
85.5,232.8,3946.3
74.8,232.2,1912.4
74.6,234.2,1284.8
82.2,237.2,1457
93.8,230.9,1941.7
96.5,234.8,601.6
74.7,234.6,2939.2
135.1,231.6,1103.7
74.7,234.7,1209
75.3,236.3,1704
74.9,235.1,492.5
74.5,233.9,661.4
74,232.2,1025.1
75.4,236.7,2084.3
87.3,238.8,2262
174.1,237.7,3497.3
75.8,238,1661.4
76.2,239.4,2694.1
100.1,238.8,709.2
119.9,241.7,766.4
76.5,240.1,1895.4
103.2,231.4,2212.8
76.5,240.2,548
96.8,242.6,1209.9
77.2,240.8,2206.7
133,238.9,2729.3
153.3,239,1192.9
85.4,242.8,2854.2
83,242.6,1143.4
76.3,239.7,1518.3
76.3,239.7,648.7
99.4,245.6,760.9
76.8,241,1331.6
96.1,244.8,1082.3
97.2,242.7,1881.6
95.4,238.3,604.9
100.9,243.8,3052.6
78,245,2173.5
78.2,245.6,538.5
100.2,245.6,552.7
135,245.5,629.8
78.7,247.1,1752.4
78.7,247,640.9
78.9,247.6,1744.4
121.7,251.1,988.2
160.2,257.4,2079.2
79.7,249.9,4868.1
84.3,250,4545.1
84.4,250.9,1889.5
109.5,249,1113.4
140,241.5,889.4
80.3,252.1,4520.3
80.2,251.8,2316.6
81.5,256,2375.7
107.1,257.6,841.6
117.6,255.8,3033.9
81.8,257,4011.2
101.2,259.2,3651.6
82.4,258.6,2312.1
147.6,253.8,1719
83.2,261.4,2400.1
82.8,259.9,3013.3
83.4,261.9,6170.9
85.4,256.3,714.6
85.3,260.6,1139.5
83.4,261.7,3669.6
84.2,262,3889.4
83.8,263.3,12884.7
119.4,263.6,1114
84.5,265.4,6862
83.8,263.1,1019.2
84,263.7,995.1
117.4,266.1,6050.3
122.7,264.4,2438.3
85.5,268.5,1772.4
126.1,270.2,1555.5
85.2,267.4,494.8
147.8,270.7,2238.8
86.9,272.9,5061.7
87,273.1,2645.3
87.6,275.1,2472.3
99.2,270.2,1752
88.2,276.9,647.2
109.3,275.7,2841.2
101,280,4075.5
88.6,278.1,17071.2
91.3,278.5,3057.5
90.9,282.6,2494
89.9,282.3,829
197.4,291.5,170.5
91.1,286,3575.5
140.4,290.1,5908.6
90.9,285.4,1157.4
92.4,290.2,1858.9
122.8,289.6,1022.1
93.1,292.3,3224.6
100.2,292.8,3179.6
111.9,300.3,2501.2
97,304.4,2588.4
96.5,303,3855.8
132.2,304.6,744.3
125,302.7,3768.4
123.2,309.4,8495.2
145.4,310.7,2390.4
113.5,313,604.2
134,317,3375.6
142.1,316.9,3137.6
200.5,318.4,939.8
99.7,313.2,1088
101.6,319.1,1337.7
107.6,320.9,1978.1
116.4,321.5,1173.9
135.5,323.3,5805.4
102.4,321.5,2478.2
106.9,335.7,4363.9
107.2,336.7,1119.5
107.9,338.7,1952.5
112.2,344.1,1105.8
113.1,335.3,1473.2
141.9,348.4,2057.8
129.6,346.3,1802.1
195.4,349.9,1684.1
112.1,351.9,903.5
136.9,353.4,1265.3
116.1,364.7,3216.8
123.3,363.4,2257.3
128.9,367.6,1605.7
166.7,377.3,2685.9
186.3,381.6,2680.3
123.6,388,3377.5
213.4,420.4,1521.6
197.8,428,38697.4
138.6,435.2,2258.6
188.3,432.1,2218
141.3,436.4,3752.3
197.5,434.7,990.1
219.2,581.8,1337.9
189.4,594.6,3042.9
240.3,597.4,1358.1
279.1,604.6,2056
207.8,652.5,4521
206.6,648.9,1534.9
305.6,665.3,2517.6
243.3,708.6,3171.1
235.9,735.9,9172.9
238.1,747.8,3027.4
372.7,757.9,15370.9
243.4,764.3,2615.4
334,896.9,6848
464.5,1096.9,2255.4
354.2,1112.3,5833.5
365.3,1146.9,13490.2
456.1,1142.4,1697.8
1563.1,4908.2,11808.5
2.4,3.8,9.2
3.1,9.6,171.4
3.1,9.7,62
4.2,10.3,90.8
4.5,10.4,107.9
12.5,15.4,54.8
5.8,18.1,141.6
12.9,18.5,91.3
6.4,20.2,46.9
10.2,20.6,303.2
6.7,21,45.2
14,22.1,56.5
14.5,22.7,73.5
18.2,25.1,72.6
16.5,25.5,98.7
8.6,27,111.8
21.8,25.7,214.7
19.2,27.7,67.6
22.2,28.3,120.7
11.3,28.9,431.5
11.3,30,111.1
10,31.5,101
10.2,32.1,71
10.8,33.9,471.5
13,34.5,149.6
13.2,36.5,513.5
12.9,39.9,580.9
13.7,43.1,187.3
14.4,42.7,120.9
13.8,43.2,101.6
14.1,44.4,209
43.5,50.2,143
15.7,49.3,230.6
25.3,50.5,366.2
16.3,51,147.8
42.5,51.4,184.5
43.5,52.7,222.2
19,54,164.6
47.5,57,321.4
47,59,841.9
37.4,61.1,155.6
30.3,61.9,958.2
47.4,61.3,152
46.7,62.9,150.9
29.5,63.1,650.4
47.8,64.2,613.7
51.3,66.8,168.7
21.4,67.2,322.3
51.5,69,331.9
32.7,68.5,556.8
34.2,68,376.1
62.1,70.5,340.3
45.7,70.4,335.7
36.7,69.3,872.8
54.9,72.6,203.1
39.2,73.3,299.2
35.7,75,376.4
24,75.3,560.8
24.3,76.3,239.8
44.7,75.9,486.8
28.6,76.3,550.7
44.5,77.3,550.5
53.6,77.6,189.8
58.4,78.2,424.8
24.6,76.8,372
29.5,78.6,315.4
58.6,79.5,231.1
24.9,78.1,325.6
68.2,79.3,261.6
41.4,79,1606.6
57.1,81.4,211.6
41.2,81.1,230.8
26.2,82.4,244.6
47.8,82.7,373.6
50.1,83.8,703.9
35.5,84,204.6
66.6,83.4,404.7
55.5,84.8,3948.3
76.7,85.8,254.2
73.1,85.3,276.6
45.8,86.3,1501.3
58.2,86.6,503.6
27.8,87.2,1476.4
61.5,87.4,248.4
46,87.9,420
36.2,88,825.1
40.6,87.8,505.6
58,89.8,1109.9
55,89.2,274.9
64.1,91.2,223.4
29.8,93.5,379.4
60.3,92.2,844.8
58.7,92.5,365.5
33.3,92.5,232
52.4,93.2,260
37.3,94.9,1145.5
41.1,96.1,144.5
52.3,96.5,1156.1
34.6,96.9,793.6
53.7,95.2,915.9
30.9,97.1,234.7
84,97.4,267.2
47.6,97.2,427.1
59,95.8,330.9
48.6,98.1,968.8
38.3,97.8,1555.6
65.3,97.6,417.3
60.2,98.2,289.9
55.7,99,581.7
86.6,99.1,424.5
41.3,99,1061.3
57.8,98.5,460.1
68.1,99.9,405.6
31.9,100.2,251.4
39.9,97,1030.8
73.8,101.4,700.9
69.2,99.8,841.8
55.1,100.6,346.7
54.7,102.6,1359.8
60.8,102.7,1383.7
37.8,102.8,333.7
32.9,103.5,1204.8
61.6,102.8,570.2
53.2,102.2,408.1
56.5,102.7,330.1
66.1,104.7,449.5
46.3,105.7,496.5
69.7,106.9,630.5
41.5,104.7,620.1
43.2,105,793.4
65.6,107,483.3
70,105.9,1023.1
34.3,107.7,1357.9
59,107.6,855.8
74.5,107.9,331.8
33.5,105.1,378.1
65.4,108.7,373.5
73.4,106.8,396.8
54,106.7,346.8
77.8,110.6,425.5
72.3,110.4,372.9
68.1,110.4,305.2
37,111,317
62.9,110.5,514.5
38.1,111.2,772.4
72.5,112.3,288.8
76.6,110.9,335.9
38.8,113.9,437.8
46.9,115,1391
63.9,114,734.9
72.2,112.8,294.9
80.3,114.5,495.2
90.1,114.3,323.2
67.9,114.9,438.1
49.9,115.9,254.6
75.3,115.3,319.9
61.9,114.2,3019.9
84,117.2,431.5
58.5,116.8,371.3
57.2,116.4,467.1
58.7,116.8,406
67.6,115.9,387.1
44.8,116.4,372.8
75.8,117.9,279.1
75.6,118,363.7
68.1,117.6,561.3
83.6,118.4,412.5
68.9,118.6,572.4
69.7,119.2,336.4
53.5,120.2,795.7
71.5,117.8,733.3
68.8,121.2,344.7
80.2,121.5,722.5
64.6,116.2,898.1
87.8,121.7,404.1
37.8,118.6,275.4
61.8,121.3,976.3
39.1,122.4,626.2
39,122.5,587.1
75.9,120.8,471.7
46.2,122.5,303.9
70.1,121,4913.1
39.3,123.3,1033.1
39.3,123.3,281.2
85.7,123.5,364.7
65.4,119.9,384
39.4,123.8,555.2
69.1,122.4,530.5
60.1,121.1,1131.5
62.3,120.9,2215.7
39.5,124,380.5
56.8,124.2,546.8
86.8,124,535
41.7,124.5,440.2
73,123.3,526.7
41.5,124.8,602.8
39.7,124.8,678.9
97.7,124.7,304.7
55.1,124.8,287.8
40.4,126.9,1832.1
73.1,127,378.2
71,126,1038.4
81.6,126.8,436.4
44,127.2,1182.9
78.9,126.8,376.3
70.7,127.4,2085
55.6,127.3,385.1
77.3,128.4,940
96.9,130.6,963
41.8,131.4,535.4
67.8,129.1,346
52.5,128.7,565.2
53.8,128.2,340.4
66.3,126.2,1025.4
83.5,130.6,484
59.3,131.1,2767
54.1,131.4,1306.5
44.9,130.1,461.2
88.1,130.3,739.1
69.6,129.5,384.8
53.4,130.7,572.2
77.8,132.3,371.4
92.6,132.4,451.8
81.7,131.9,341.7
72.4,133,2115
42.9,134.5,466.4
87.2,134.3,630.1
88.2,132.8,692.8
53.5,135.1,298.5
69.4,135.4,541.4
75.2,135.3,751.4
77.6,133.7,538.7
59.9,135.4,614.7
54.5,137.7,473.4
66.1,138.5,765.3
91.9,138.1,464
47.6,137.6,474.6
90.4,137.9,742.5
46.5,137.1,2113.7
74.7,139.9,492.3
72.1,139.3,1189.3
83.2,139,706.4
67.5,140.7,4500.6
67.5,141,889.7
45.2,141.9,1726.1
53.8,141,356.3
45.3,142.4,806.9
54.6,142.5,742.8
82.9,140.7,328.6
81.9,141.3,532
70.4,140.2,548.4
78.8,141.9,1523.3
58.3,141,1410.1
45.6,143.3,2165.3
47.3,140.9,453.3
77.3,141.7,537.7
45.9,144,501.7
54.3,144.5,1581.9
48.1,144.6,1273.8
72.7,139.1,1223.1
64.3,143.9,415.8
75,144.1,492.6
83.3,140.4,420.3
45.6,143.2,529.4
55.9,143.5,570
46.4,145.8,7225.1
45.9,144.3,1272.7
70.6,143.4,482
82.7,145.6,3653.6
58,141.1,534.5
47.6,145.6,503.5
65,146.6,455.8
58.7,142.8,434.7
88.7,144.5,1218.5
75.9,144.2,2545.7
46.9,147.2,633.3
62.9,147.3,545.6
65.7,141.2,344.7
47,147.7,1501.4
48.7,147.4,317.6
46.7,146.6,2210.9
50,148.6,2543.1
83.3,146.4,456.4
70.3,147.7,373
47.5,149.1,2582.4
65.6,147.3,484.1
75.8,149.9,426.3
91.1,147.9,443.2
105.8,149.8,441.7
51.3,151.3,1505.4
69.1,148,460.7
48.3,151.5,651.6
57.2,151,1438.2
86.1,151.7,4943
48.9,153.4,1626.4
76.4,152.4,941.7
93.2,153.3,847.8
58.2,150.9,1339.2
48,150.2,386.6
49.2,154.6,824
59.5,154.4,2824.6
58.4,153.2,440.1
70.2,155.2,1091.7
83.1,153.9,807.7
78.7,156,663.1
49.8,156.3,2374.8
49.2,154.4,2288.7
50.9,156.6,2164.4
59.5,155.1,750.5
86.7,157.9,745.7
49.4,155,2141.7
54.2,155.3,703
51.3,158.9,1408.1
50,157.1,774.3
50.3,157.8,1381.5
50.7,159.2,585.1
92.4,158.6,1232.3
50.9,159.8,1019.7
51,160.3,2974.8
51.1,160.4,374.1
51.1,160.5,1586.2
85.8,159.3,1057.9
68.8,160.6,1391.5
58.2,161.3,1327
51.5,161.8,1229.1
87.5,159.5,450.5
80.9,159.3,831
51.7,162.5,620.7
51.5,161.6,1255.8
74.9,161.7,915.4
51,160,1439.5
79.8,162.9,893.7
58,162.1,5188.9
69.3,160,438.3
113.9,162.9,549.8
75.3,163.8,514.7
52.3,164.2,2141.1
58.3,164.3,2513
70.8,164.8,420.7
52.4,164.6,1507
52.9,165.5,2222.4
74.3,164.7,4204
52.7,165.6,3003.7
64.8,165.8,6038.2
74.8,164.9,381.1
72.4,165.2,547
74.3,164.3,3370.9
53.2,167.1,3273.8
53.3,167.2,1442.6
52.3,164.2,2197.5
68.2,166.9,1429.6
53.4,167.5,2871.5
53.5,167.9,1043.5
61.5,167.1,800.1
52.1,163.5,545.6
124,168.3,956.1
55.7,168.8,1192.1
106,166.4,392.7
53.8,169,3079.7
83.8,168.9,2398.1
54,169.5,1677.2
118.8,168.1,531.1
54,169.6,2328
67.6,167.4,516.4
56.7,167.7,3736.5
108.4,171,3107.1
54.6,171.3,1367.9
55.9,169.2,2485
93.6,169.5,1610.1
54.7,171.7,1846.3
62.8,169.3,1790.9
54.9,172.3,2148.9
54.9,172.3,4580.1
57.3,172.3,2360.1
108.3,172,467.8
71.8,172.7,417.7
54.2,170.2,657.5
104.5,169.9,409.3
53.9,169.3,1391.9
76,173.6,1460.4
62.9,172.9,339.3
99.3,171.5,520.6
65.5,174.6,1754.1
79.4,173.3,501.1
65.2,175.3,569.3
95.5,172.4,620.6
81.7,173.5,639
56,175.7,3179.7
56.5,176.4,2286.3
55.6,174.7,8863.8
56.2,176.6,1155.1
74.9,171.2,1506.4
55.7,174.8,1830
56.6,177.6,2691.6
74.3,174.8,1048.9
108.5,177.9,1048.2
56.5,177.4,2729.6
68.5,172.5,919
69.7,177.4,1670.1
89.7,176.9,1688.9
57.3,179.1,3883.3
57.2,179.5,1951.8
57.2,179.6,4426.7
96.9,177.7,809.8
57.4,180.2,657.3
70.7,180,2790.2
72.7,180.3,592.9
56.5,177.4,636.2
63,178.8,2949.3
76.7,177.6,1366.7
57.6,180.9,725.9
103.5,181,947.4
67.1,180.8,2688.2
57.5,180.4,1503.8
60.7,182.4,1705.3
98.4,182,789.2
68.8,182.1,941.3
116.3,181.3,443
79.3,181.1,905.1
101.5,181.1,555.2
58.2,182.7,4235.7
59.6,180.2,877
56.9,178.6,754.3
58.4,183.5,2191.8
58.8,183.6,1427.4
58.6,183.9,2460.9
80.2,183.5,830.5
58.8,184.7,1019.9
58.9,184.8,861.5
58.9,184.8,1504.4
59.8,185.3,1004.4
110,184.1,509.8
59.1,185.6,1652.9
59.2,185.8,2256.3
59.2,185.9,1966
59.2,186,5841.7
59.3,186.2,2817.9
64.4,186,2749.3
59.4,186.5,10395.5
95.1,184.8,581.4
59.5,186.8,2956.1
59.5,186.9,1555.5
59.6,187.2,4893.6
59.6,187.2,3338.1
71.5,186.8,1170.3
59.4,186.4,6913.8
59.7,187.3,3083.5
65.9,182.1,1235.2
67.4,188.7,931.6
60.1,188.8,1572.7
90.8,188.3,845.8
71.9,187.9,2739.6
61.1,187.2,848.1
77.7,189.6,1045.9
60,188.3,1080.5
79.4,189.2,2131.2
59.7,187.3,547.2
60,188.5,4928.7
67.1,187.5,1533.9
60.8,190.9,1465.3
60.9,191.2,2498.5
60.3,189.4,4860.1
61.1,191.8,1476.6
106.1,185.3,858.7
61.2,192.2,1646.4
75,191.2,1255.2
62.8,191.9,3588.6
75.2,192.3,607.3
76.9,189.8,1537.5
60.5,190,2867.7
100,191.9,639.4
61.5,193.2,509.6
60.3,189.4,890.7
67.6,191.1,1608.3
61.7,193.8,4276.9
61.7,193.8,1944.1
61.8,194.1,1348.8
88.6,193.4,1852.8
77.3,193.8,1143.6
134.4,194.7,896.4
66.9,192.4,3538
87.3,192.2,586.7
62.8,197.2,2111.2
61.8,194,520.7
63.4,197.6,3617.1
62.2,195.3,1120.5
63,197.9,662.2
62.4,195.8,799.1
85.5,196.7,776
63.5,199.4,5655.9
77,199.1,630.9
63.7,200.1,2042.8
62.8,197.2,1498.3
126.5,199.7,673.9
63.9,200.7,2241.8
65.5,200.3,5663.5
64,200.9,926.6
81.8,199.8,1136
63.4,199.1,3363.2
84.7,199.7,1420.4
63.8,200.5,1590.9
63.9,200.6,1805.3
64.5,202.6,2758.3
78.2,200.6,1610.8
101.4,203.3,642.3
76.3,203.6,6136.4
70.2,203.4,2322.3
78.5,201.9,2861.1
97.8,203.7,3004.8
65.8,204.1,4716.9
77.5,203.8,3060.5
73.1,200.8,1607.1
64.7,203.2,1329.8
65.5,205.8,447.6
65.6,206,2093.3
77.2,205.7,638
88,205.4,2705.9
86.9,206.2,1115.6
78.6,206.5,549.7
103.2,207.8,1294.9
109.9,203.7,553.1
66.2,208,2558.7
65.1,204.5,612.3
66.4,208.4,3502.7
72.9,207.4,5021.7
90.5,208.7,2064.2
66.8,209.9,1458.8
72.2,210.1,1387.8
87,209.6,660.1
77.6,209.3,767.1
154,210.6,609.3
66.3,208.1,1057.8
67.6,212.1,1012.5
67.1,210.6,1143.1
121.9,210.4,577.4
68.2,214.2,2026.5
70.9,214.4,2314.5
96.5,211.4,9090
76,214,1343.6
117.5,214.5,2430.1
68.4,214.7,4624.9
87.4,212.5,1738.7
92.2,212.7,569.8
67.9,213.3,2289.4
81.3,213.4,1157
107.2,216.8,9509.2
69.5,218.1,2156.5
69.5,218.3,1251.6
70.7,215.3,2572.9
69.5,214.5,512
69,216.6,3558.2
95.7,213.2,1348
69.8,219.2,5244.2
97,216.3,2795.9
78.6,217.4,803.3
70.5,219.9,2835.5
70.2,220.4,1501.4
82.7,220.4,66.4
98.4,221.3,818
96.9,219.2,638.9
70.5,221.5,3953.7
70.6,221.6,2366.8
92.3,220.3,2683.7
70.7,222.2,6195.5
70.8,222.4,3903.5
71.3,223.8,3497.5
71.3,223.8,841.3
71.4,224.1,2402.4
73.2,224.8,3766.6
89.7,225.9,1431.4
88.4,226.4,7355
72.3,226.9,5101.5
72.4,227.4,7643.1
90.1,227.4,1050.6
2.1,6.7,752.3
85.2,227.9,3792.1
94.6,228.3,852.2
73,229.2,2132.1
73.2,229.9,1152
71.2,223.5,744.6
71.9,225.7,711.6
102.9,229.1,2306.7
72.7,228.2,3290.8
97,228.8,519.5
73.5,230.7,1008
73.8,224,890.6
77,231,1941.4
73.9,228.1,671.7
74,232.2,2056.3
75,232.7,2809.1
74.1,232.7,3077
73,229.3,1013.4
84.9,233.5,1618.4
99.3,236.7,610
85.8,236.7,4034.5
74,232.5,1948.5
75.8,236.6,2183
75,235.7,946.4
76,238.6,2780.6
99.7,237.5,2166.5
88.9,238.9,2281.1
76.2,239.4,6189.2
75.3,236.3,1035.1
76.7,240.8,1316.6
97.9,241,1868.7
86.7,241.7,761.7
77.1,242.2,1718.5
76.7,240.8,652.5
80.1,251.4,2739.6
76.8,241.2,634.2
78,245.1,1501.7
78.7,247,1272.5
91,246.5,479.2
78.7,247.2,3152.6
78.9,247.6,3218.1
77.9,244.6,2240.7
79.3,244.2,582.4
80.1,249,2051.2
101.6,247,2083.7
80.2,251.8,1702.9
83,251.1,1186.4
80.4,252.4,1891.5
80.4,252.6,4490.5
111.5,249.1,1068
78.9,247.8,1403.7
131.3,252.7,1490.7
81.1,254.8,3015.8
81.4,255.6,680.5
81.8,256.4,4995.7
114.5,254.9,1136.5
146.3,254.9,1705.4
80.1,251.4,826.9
99.3,257,1290.9
83,257.7,2284.9
103.1,250.3,809.1
137.5,257.8,7315.2
82.2,258.2,992.7
81,254.4,3246.2
82.8,259.9,709.2
147.8,256,791.5
120.1,256.8,1034.4
83.5,262.3,1831.2
83.6,262.5,3680.5
83.8,263,2441
82.9,260.4,4163.4
83.2,261.2,6224.7
84,263.6,2369.3
84.2,264.2,2441.2
121.4,264.5,2415
82.2,258.2,1784.3
98.5,265.3,1698.9
88.6,266.9,880.5
86.1,268.1,3979.6
84.2,264.4,1002.5
85.6,268.7,813.5
119.8,268.2,6091.3
86.1,270.2,2273
85.9,269.8,3538
100.2,270.3,2701.7
87.3,274.1,574.2
110.5,274.2,7524.6
86.7,272.2,504.5
88.1,276.7,3053
130.7,276.1,1826.5
128.7,278.4,5683.2
89,279.5,2707.3
102.9,281.8,3346.1
93.2,283.7,1238.4
90.7,284.8,2507.5
134.5,284.3,309.8
91,285.6,730.3
163.9,285.8,2377.2
91.4,287.1,17666.9
97.7,288.2,6253.2
90.6,284.6,678.5
92.2,289.5,3684.3
117.6,289.5,708.1
93.2,292.8,3660.4
113.4,289.9,414.3
93.7,294.3,864.2
132.3,294.9,2994.3
130.8,299,877.8
95.6,300.2,1258.5
187.5,299.4,911.6
129.7,306.6,3304.1
97.7,306.7,2620.3
125.7,304.2,3760
96.4,302.8,2029.5
102.9,308.3,5598.3
141.2,314.5,3131.2
101.5,318.9,2035.2
107.7,320.4,2000
180.8,319.5,1207.9
103,322.7,2488.8
101.4,318.4,1113
106.6,324.6,5744.3
155.6,333.9,2567.8
182.5,337,1615
111.7,342.2,1101.1
143.8,343.3,2043.8
111.2,349.2,2012.7
131,352,1268.1
136.6,363.5,1642.2
215,367.6,4225.3
126.5,370,2307.6
119.5,375.4,963.9
119.7,375.7,3349
124.1,389.6,3414.2
191.3,399.8,2809.8
200.7,439.3,39675.6
147.6,463.3,2404.6
359.2,501.7,1922
275.1,504.5,1480
162.6,510.5,263.8
176.3,551.9,1682.1
267.1,572,1944.2
224.3,599,1379.5
192.6,604.7,3094.5
285,632,2383.7
202.4,635.4,4402.3
254.9,742.4,3325.9
245.1,769.7,3115.5
557.5,814.9,79389
335.2,912,6887.2
463.1,1145.5,1693.2
1293.3,1444.2,21638.6
957.7,3007.1,7318.1
0,0,0
6.2,6.8,6.9
4.1,10.1,26
7.5,23.6,54.6
8,25,107.7
9.1,28.5,91.3
12.1,32.4,119.9
12.3,38.6,158.7
14.7,40.9,151
13.4,41.9,186.9
13.5,42.4,1557
41.5,43.8,160.8
15,47.2,110.2
38.2,51.1,164.2
39.9,50.4,145.4
16.1,50.6,216.5
19.1,53.8,162.9
17.8,55.9,123.5
47.8,58.4,810.3
53.7,61.1,172.7
32.4,61.5,180.5
19.9,62.6,294
22.3,70.1,1069
68.7,72.3,135.9
22.5,70.7,157.9
26.6,74.4,296.7
24,75.3,354.8
39.8,75.9,352.6
37.3,76.9,412.3
29.1,77.8,229.2
45.9,80.2,562.4
31.3,82.5,828.3
47.9,84.8,373.1
30,86.8,212.3
28.2,88.5,1488
51.5,92.2,243
53.4,92.8,244.8
34,92.6,282.9
38.2,94.7,135
58.5,95.5,850.5
60.2,96.9,4409
56.4,96.8,1166.1
32,97.1,525.6
85.2,97.5,417.6
40.3,98.7,1008.3
75.3,99.3,616.6
42.4,101.4,751.5
32.3,101.3,943
32.7,102.7,1127.6
36.3,105.8,405.8
44.2,107.1,623.4
61.2,107.4,1432.4
51.2,107.6,967.2
48.9,108.6,830.5
45.7,110.4,229.5
46.3,111.5,351.3
54.5,111.3,350.7
57.1,113.2,374.9
36.4,113.3,393.2
36.4,114.2,1098.1
74.2,116.6,523.5
37.5,117.9,254.4
41.6,118.4,775.6
60.5,119.4,375.5
39.1,122.9,260.1
65.3,123.3,366.8
50.7,123.9,508.8
95.3,126.4,431.1
42.7,126.4,1802
81.7,127,456.4
40.4,126.9,688.4
48.4,127.8,316.4
67,128.7,650.8
102.8,129,312.1
52.8,129,1268
69.4,129.8,763.9
45.2,129.4,1196.5
57,130.6,571.2
41.7,130.8,2107.6
41.7,131,1259.8
85.1,132.4,669.8
63.9,132.3,795.3
62.8,133.2,705.7
62.9,134.4,1830.6
43.1,135.3,2817.6
64.3,133.2,450
85.9,139.7,443.9
48,138.7,458.4
82.7,139.6,694.7
53.8,140.8,733.4
45.1,141.5,1627.9
49.6,141.2,459.5
45.5,143,2317.8
60.9,143,2971.9
56.4,144.2,563.4
46.8,147,503.9
46.8,146.9,2098.9
64.2,147.1,546.3
47.1,147.8,7460.7
61.2,147.9,341.5
87.2,148.3,419.8
47.2,148.2,488.5
48.1,150.4,1004.6
79.5,151.1,778.5
66.8,150.8,525.8
52.1,152,742.4
73.9,152.4,4679.3
48.5,152.3,1335.3
93.9,154.2,608.3
80.4,153.9,416.4
58,154.1,1017.3
68.8,156.2,425.9
49.8,155.7,390.6
49.7,156,3852.7
49.9,156.7,1263.2
56.9,156.3,948.8
50,156.9,1598.8
68.3,157.6,2314.3
51.2,157,337.2
56.9,157.5,1228.2
50.1,157.3,4898.6
50.2,157.7,840.2
50.3,157.8,934.1
50.5,158.5,2040
74.6,159.1,372.5
50.8,159.6,1771
51,160.1,1335.9
60.9,160.3,444.9
57.6,161.4,4799.8
86.4,163.3,1484.5
51.6,161.9,2836.2
60.2,162.3,1605.8
91.4,163,535.2
51.7,162.5,2135.5
59.8,162.7,1603.6
52.7,164.1,1366.9
85.6,164.4,1361.7
52.3,164.2,5878.8
88.6,164.9,590.3
52.4,164.7,3050.8
58.6,165.6,710.3
77.7,166.6,721.3
52.8,165.8,1368.6
66.3,166.5,1558
52.9,166.2,2726.2
72.6,166.6,494.2
77.3,166.9,919.4
65,166.8,2463.3
102.8,168.1,390.1
54.3,167.9,3982.8
66.8,168,560.9
53.5,168.1,1569
74.1,169.1,531.4
54.1,168.9,3894.8
53.9,169.1,3624.4
57.4,169.4,3511.2
55.7,169.5,2324.6
65.6,170,772.6
54.2,170.3,8546.6
79,171.5,593.9
70.2,169.6,437.1
54.5,171.2,1230.1
54.6,171.5,533.8
61.4,172.6,2248.6
56.6,172.5,1437
60.9,172.7,334.8
55.2,173.5,1623.8
55.3,173.6,4243.2
84.2,174.6,582.3
55.4,174,2237.5
74.5,175.6,496.2
79.1,175.3,476.7
76,175.3,826.6
82.7,175.4,915.6
66.4,175.3,756.3
72.4,175.6,1438.2
76.8,176.9,472.8
56.3,176.8,3020
114.3,178,411.9
62,177.2,2671.6
56.4,177,1381.2
81.9,179.3,342.3
62.4,179.2,2507.4
57.3,179.9,473.5
57.2,179.8,1706.1
57.5,180.4,1325.2
109.6,182,423.7
71,181,1032.7
57.8,180.6,3705
66.3,181,882
57.6,180.9,2231.1
68.6,181.4,1726.1
79.1,181.2,1517.3
58.3,183.1,493.6
58.1,182.4,2255
57.9,181.9,1552.7
57.9,181.9,867.9
57.9,181.8,5250
80.8,183.5,1229.9
58.3,183,3082.3
58.4,183.5,1886.6
80.9,183.1,3136
60.1,183.3,847.1
58.5,183.7,1800.2
95.6,183.9,761.5
59,185.4,2129.8
59.4,186.5,518.9
59.4,186.6,1898.8
62.8,187.7,1663.4
66.2,188,1855.3
59.9,188.1,2737.7
68,188.4,1437.4
82.2,188.2,739.5
60,188.4,10498.9
60.1,188.7,1014.7
60.1,188.8,4742.3
60.2,188.9,1411.9
100.9,189.7,651.7
60.2,189,833.3
60.4,189.7,2300.7
60.4,189.7,1381.3
73.3,189.8,497.1
60.7,190.4,1383.2
60.5,189.9,723.3
71.2,191.1,2719.9
60.8,191,1929.8
60.9,191,2175.4
61.5,191.8,2855.1
105.4,191.9,678.9
61.3,192.6,5718.7
94.8,194.3,478.7
67,194.3,3342.6
88.3,195.4,1829.4
62.1,195.1,4678
76.6,196.8,3112.4
62.6,196.6,3063.1
63.2,196.9,3392.6
82.7,197.8,1460.4
87.8,198,983.9
62.9,197.4,3022.8
73.7,198.4,580.7
64.1,198,3489.4
63.1,198.2,2094.9
63.3,198.6,2155.3
63.3,198.7,2017.1
70.7,198.8,1303.8
73,199.5,1741.7
63.7,199.9,1994.7
92.6,200.3,854.2
63.8,200.3,2727.2
95.4,200.7,972.7
64.2,200,4898.5
86.2,201.8,896.1
64.1,201.3,1586.7
64.2,201.7,1590.6
64.5,202.4,2195.8
64.5,202.4,1708.2
64.5,202.4,5292.8
65,202.7,2077.2
76,203.5,2967.1
64.9,203.9,1806
65,204,2564.6
65.2,204.6,1502.2
95.6,206.7,1888.7
65.9,206.7,1905.6
66,207.1,2339.9
88.4,207.1,1212.1
66.3,208,2000.7
66.6,209.2,2505.4
67.4,209.1,574.6
66.8,209.5,3104.8
66.8,209.7,1364
66.9,210.1,2755.6
66.9,210.1,917.1
135.4,211.5,1514.7
68.4,210.4,7308.5
74.1,210.9,4814.2
73.8,211.4,768.6
98.1,212,2879.9
95.2,211.9,8560.6
68.9,212.2,470.8
68.2,214.2,1161.4
87.9,215,2811.9
68.4,214.5,2006.6
81.6,215.6,749
89.3,215.8,625.6
93.1,216.4,2027.9
69,216.6,1054.8
69.1,216.9,3552.6
87.6,217.9,6312.8
69.5,218.1,1220.3
148.1,220.4,623.6
124.1,219.1,598.2
69.9,219.3,779.9
93.2,219.1,577.4
70.3,220.3,2638.4
70.2,220.6,551.4
70.3,220.8,1285.1
98.4,220.9,678.6
70.7,222.1,2727
80.8,223.7,3849.4
78.3,223.7,1744.6
71.2,223.6,982.6
71.3,224,4553.9
71.5,224.4,1297.4
71.5,224.6,2685.5
73.8,224.9,6129
98.7,226,2625.3
72.6,226.3,2407.9
88,226.9,1232.2
95.9,228.1,696.5
89.6,227.8,7055.7
93.4,228.1,7958.6
84,227.9,427
72.8,228.6,940.2
74.6,228.8,2335.6
73,229.3,3524.2
86.8,231.4,445
73,229.3,3101.4
73.1,229.5,1392.4
73.1,229.6,1617
73.5,230.9,3833
73.9,232.1,4948.6
76,232.4,1587.8
118,233.1,9801.9
74.1,232.5,948.2
74.1,232.6,570.6
74.2,233.1,5577.4
74.4,233.7,4172.7
74.5,233.9,1507.7
74.5,233.9,3012.8
102.7,234.3,2236.8
74.8,234.9,2934.4
75.1,235.9,1981.1
85.3,236.6,2249.2
98.3,236.8,2001.4
77.9,237.7,2727.6
106.5,243.5,657.8
76,238.8,1234
76.7,240.7,1397.9
77,241.7,507.3
108.2,239.1,629.6
77.5,243.5,1186.5
77.7,244,647.6
78.3,245.9,661.9
78.7,245.7,2132.2
102.3,250,738.1
91.4,246.8,556.1
79.6,247.4,1928.1
110.9,248.1,537.8
78.9,247.7,758.8
79.3,248.9,2042.2
79.4,249.4,18085.1
79.6,249.9,3014.5
80,251.1,2091.8
116.5,252.3,1077
80.5,252.7,2140.2
103.7,252.5,2104.6
99.8,253.9,5155.2
80.8,253.8,1218.7
86.3,254,1111.6
80.9,254,2459.8
90,256.8,1076.3
187,258.4,2741.1
94.4,256.8,1554.4
82.7,259.6,3886.4
82.8,260.1,719.8
84.3,261.7,2263.5
83.6,262.6,1776.4
83.7,262.9,1671.9
84,263.9,4692
150.7,266.2,1700.7
108.2,266.2,6979.6
85.5,268.4,944.3
85.4,268.2,2279.5
97.8,269.9,731.1
128.4,270,1710.5
139.3,271.7,702.8
86.2,270.8,705.2
86.5,271.5,2384.1
86.7,272.1,497.9
87.1,273.6,1431.8
87.5,274.8,3038.2
88.1,276.5,1923.6
88,276.3,3267.7
99.9,276.7,2598.8
88.2,277,5828.2
110,279.9,391.4
124.5,278.2,6296.5
89.1,279.9,3924.3
90.2,281,3931.6
130.7,282.8,5534.9
94.6,283.5,5822.8
107.9,289.1,1374
162.1,291.3,2399.7
133,294.1,2558.6
94.6,296.9,3098.9
94.9,298,660.3
94.9,297.8,1859.7
95,298.2,2961.1
129.4,298.5,703
139.5,299.6,2993.7
97.5,306.2,781.5
97.9,307.3,2625.6
97.9,307.4,854
166.8,308.9,1111
134.8,311,3356.9
127.5,310.6,3800.3
101.4,310.9,5154.2
99.3,311.7,1825.8
131.2,314.3,1774.9
131.3,315.9,5113.9
133.6,316.9,4153.8
101.4,317.5,2448.1
101.6,319,1037.4
105.1,330,4049.9
144.6,331.1,1677.3
166.1,330.1,1560.8
112.3,334.6,1978
124.6,338.1,1145.4
111.4,342.8,1043
165,353.4,2601.6
139,366.8,1558.3
131.5,372.1,8976.1
141.8,383.8,1302.4
122.2,383.6,3201.1
128.1,402.3,3333.1
193.5,405.7,2836.3
193.1,425.9,38228.7
206.8,438.5,1194.1
190.1,444.6,2157
141.6,444.5,2097.9
146.2,459.1,2203.6
194.2,609.8,4224.9
277.1,640.5,2294.9
357.6,957.4,6871
